kind	id	name	subject	prompt	have
joker	twig	둥근 잔가지	a twig	Bold flat 2D emblem of a twig. Heraldic symbol, thick clean outlines, screen-print poster art, limited flat colour palette, no realism, no photography, no soft shading, no depth of field. Decorative geometric background pattern behind the symbol: art-deco rays and a fine dot grid with subtle paper grain, on a DEEP NAVY background. The symbol is HUGE and fills the whole vertical frame. Enclosed by a thin art-deco keyline border with small square corner ornaments on a narrow cream margin. Palette: deep navy, teal, warm gold, crimson. Vertical composition. No text, no letters, no numbers, no signature.	1
joker	quartz_bloom	석영꽃	a quartz bloom	Bold flat 2D emblem of a quartz bloom. Heraldic symbol, thick clean outlines, screen-print poster art, limited flat colour palette, no realism, no photography, no soft shading, no depth of field. Decorative geometric background pattern behind the symbol: art-deco rays and a fine dot grid with subtle paper grain, on a DEEP NAVY background. The symbol is HUGE and fills the whole vertical frame. Enclosed by a thin art-deco keyline border with small square corner ornaments on a narrow cream margin. Palette: deep navy, teal, warm gold, crimson. Vertical composition. No text, no letters, no numbers, no signature.	1
joker	poppy_bloom	양귀비꽃	a poppy bloom	Bold flat 2D emblem of a poppy bloom. Heraldic symbol, thick clean outlines, screen-print poster art, limited flat colour palette, no realism, no photography, no soft shading, no depth of field. Decorative geometric background pattern behind the symbol: art-deco rays and a fine dot grid with subtle paper grain, on a DEEP NAVY background. The symbol is HUGE and fills the whole vertical frame. Enclosed by a thin art-deco keyline border with small square corner ornaments on a narrow cream margin. Palette: deep navy, teal, warm gold, crimson. Vertical composition. No text, no letters, no numbers, no signature.	1
joker	nettle_bloom	쐐기풀꽃	a nettle bloom	Bold flat 2D emblem of a nettle bloom. Heraldic symbol, thick clean outlines, screen-print poster art, limited flat colour palette, no realism, no photography, no soft shading, no depth of field. Decorative geometric background pattern behind the symbol: art-deco rays and a fine dot grid with subtle paper grain, on a DEEP NAVY background. The symbol is HUGE and fills the whole vertical frame. Enclosed by a thin art-deco keyline border with small square corner ornaments on a narrow cream margin. Palette: deep navy, teal, warm gold, crimson. Vertical composition. No text, no letters, no numbers, no signature.	1
joker	clover_bloom	클로버꽃	a clover bloom	Bold flat 2D emblem of a clover bloom. Heraldic symbol, thick clean outlines, screen-print poster art, limited flat colour palette, no realism, no photography, no soft shading, no depth of field. Decorative geometric background pattern behind the symbol: art-deco rays and a fine dot grid with subtle paper grain, on a DEEP NAVY background. The symbol is HUGE and fills the whole vertical frame. Enclosed by a thin art-deco keyline border with small square corner ornaments on a narrow cream margin. Palette: deep navy, teal, warm gold, crimson. Vertical composition. No text, no letters, no numbers, no signature.	1
joker	warbler	휘파람새	a warbler	Bold flat 2D emblem of a warbler. Heraldic symbol, thick clean outlines, screen-print poster art, limited flat colour palette, no realism, no photography, no soft shading, no depth of field. Decorative geometric background pattern behind the symbol: art-deco rays and a fine dot grid with subtle paper grain, on a DEEP NAVY background. The symbol is HUGE and fills the whole vertical frame. Enclosed by a thin art-deco keyline border with small square corner ornaments on a narrow cream margin. Palette: deep navy, teal, warm gold, crimson. Vertical composition. No text, no letters, no numbers, no signature.	1
joker	starling	찌르레기	a starling	Bold flat 2D emblem of a starling. Heraldic symbol, thick clean outlines, screen-print poster art, limited flat colour palette, no realism, no photography, no soft shading, no depth of field. Decorative geometric background pattern behind the symbol: art-deco rays and a fine dot grid with subtle paper grain, on a DEEP NAVY background. The symbol is HUGE and fills the whole vertical frame. Enclosed by a thin art-deco keyline border with small square corner ornaments on a narrow cream margin. Palette: deep navy, teal, warm gold, crimson. Vertical composition. No text, no letters, no numbers, no signature.	1
joker	magpie	까치	a magpie	Bold flat 2D emblem of a magpie. Heraldic symbol, thick clean outlines, screen-print poster art, limited flat colour palette, no realism, no photography, no soft shading, no depth of field. Decorative geometric background pattern behind the symbol: art-deco rays and a fine dot grid with subtle paper grain, on a DEEP NAVY background. The symbol is HUGE and fills the whole vertical frame. Enclosed by a thin art-deco keyline border with small square corner ornaments on a narrow cream margin. Palette: deep navy, teal, warm gold, crimson. Vertical composition. No text, no letters, no numbers, no signature.	1
joker	swallow	제비	a swallow	Bold flat 2D emblem of a swallow. Heraldic symbol, thick clean outlines, screen-print poster art, limited flat colour palette, no realism, no photography, no soft shading, no depth of field. Decorative geometric background pattern behind the symbol: art-deco rays and a fine dot grid with subtle paper grain, on a DEEP NAVY background. The symbol is HUGE and fills the whole vertical frame. Enclosed by a thin art-deco keyline border with small square corner ornaments on a narrow cream margin. Palette: deep navy, teal, warm gold, crimson. Vertical composition. No text, no letters, no numbers, no signature.	1
joker	finch	되새	a finch	Bold flat 2D emblem of a finch. Heraldic symbol, thick clean outlines, screen-print poster art, limited flat colour palette, no realism, no photography, no soft shading, no depth of field. Decorative geometric background pattern behind the symbol: art-deco rays and a fine dot grid with subtle paper grain, on a DEEP NAVY background. The symbol is HUGE and fills the whole vertical frame. Enclosed by a thin art-deco keyline border with small square corner ornaments on a narrow cream margin. Palette: deep navy, teal, warm gold, crimson. Vertical composition. No text, no letters, no numbers, no signature.	1
joker	cricket	귀뚜라미	a cricket	Bold flat 2D emblem of a cricket. Heraldic symbol, thick clean outlines, screen-print poster art, limited flat colour palette, no realism, no photography, no soft shading, no depth of field. Decorative geometric background pattern behind the symbol: art-deco rays and a fine dot grid with subtle paper grain, on a DEEP NAVY background. The symbol is HUGE and fills the whole vertical frame. Enclosed by a thin art-deco keyline border with small square corner ornaments on a narrow cream margin. Palette: deep navy, teal, warm gold, crimson. Vertical composition. No text, no letters, no numbers, no signature.	1
joker	mantis	사마귀	a mantis	Bold flat 2D emblem of a mantis. Heraldic symbol, thick clean outlines, screen-print poster art, limited flat colour palette, no realism, no photography, no soft shading, no depth of field. Decorative geometric background pattern behind the symbol: art-deco rays and a fine dot grid with subtle paper grain, on a DEEP NAVY background. The symbol is HUGE and fills the whole vertical frame. Enclosed by a thin art-deco keyline border with small square corner ornaments on a narrow cream margin. Palette: deep navy, teal, warm gold, crimson. Vertical composition. No text, no letters, no numbers, no signature.	1
joker	beetle	딱정벌레	a beetle	Bold flat 2D emblem of a beetle. Heraldic symbol, thick clean outlines, screen-print poster art, limited flat colour palette, no realism, no photography, no soft shading, no depth of field. Decorative geometric background pattern behind the symbol: art-deco rays and a fine dot grid with subtle paper grain, on a DEEP NAVY background. The symbol is HUGE and fills the whole vertical frame. Enclosed by a thin art-deco keyline border with small square corner ornaments on a narrow cream margin. Palette: deep navy, teal, warm gold, crimson. Vertical composition. No text, no letters, no numbers, no signature.	1
joker	centipede	그리마	a centipede	Bold flat 2D emblem of a centipede. Heraldic symbol, thick clean outlines, screen-print poster art, limited flat colour palette, no realism, no photography, no soft shading, no depth of field. Decorative geometric background pattern behind the symbol: art-deco rays and a fine dot grid with subtle paper grain, on a DEEP NAVY background. The symbol is HUGE and fills the whole vertical frame. Enclosed by a thin art-deco keyline border with small square corner ornaments on a narrow cream margin. Palette: deep navy, teal, warm gold, crimson. Vertical composition. No text, no letters, no numbers, no signature.	1
joker	firefly	개똥벌레	a firefly	Bold flat 2D emblem of a firefly. Heraldic symbol, thick clean outlines, screen-print poster art, limited flat colour palette, no realism, no photography, no soft shading, no depth of field. Decorative geometric background pattern behind the symbol: art-deco rays and a fine dot grid with subtle paper grain, on a DEEP NAVY background. The symbol is HUGE and fills the whole vertical frame. Enclosed by a thin art-deco keyline border with small square corner ornaments on a narrow cream margin. Palette: deep navy, teal, warm gold, crimson. Vertical composition. No text, no letters, no numbers, no signature.	1
joker	half_pot	반쪽 화분	a half pot	Bold flat 2D emblem of a half pot. Heraldic symbol, thick clean outlines, screen-print poster art, limited flat colour palette, no realism, no photography, no soft shading, no depth of field. Decorative geometric background pattern behind the symbol: art-deco rays and a fine dot grid with subtle paper grain, on a DEEP NAVY background. The symbol is HUGE and fills the whole vertical frame. Enclosed by a thin art-deco keyline border with small square corner ornaments on a narrow cream margin. Palette: deep navy, teal, warm gold, crimson. Vertical composition. No text, no letters, no numbers, no signature.	1
joker	ledger_note	외상 장부	a ledger note	Bold flat 2D emblem of a ledger note. Heraldic symbol, thick clean outlines, screen-print poster art, limited flat colour palette, no realism, no photography, no soft shading, no depth of field. Decorative geometric background pattern behind the symbol: art-deco rays and a fine dot grid with subtle paper grain, on a DEEP NAVY background. The symbol is HUGE and fills the whole vertical frame. Enclosed by a thin art-deco keyline border with small square corner ornaments on a narrow cream margin. Palette: deep navy, teal, warm gold, crimson. Vertical composition. No text, no letters, no numbers, no signature.	1
joker	bunting	깃발천	a bunting	Bold flat 2D emblem of a bunting. Heraldic symbol, thick clean outlines, screen-print poster art, limited flat colour palette, no realism, no photography, no soft shading, no depth of field. Decorative geometric background pattern behind the symbol: art-deco rays and a fine dot grid with subtle paper grain, on a DEEP NAVY background. The symbol is HUGE and fills the whole vertical frame. Enclosed by a thin art-deco keyline border with small square corner ornaments on a narrow cream margin. Palette: deep navy, teal, warm gold, crimson. Vertical composition. No text, no letters, no numbers, no signature.	1
joker	last_ridge	마지막 능선	a last ridge	Bold flat 2D emblem of a last ridge. Heraldic symbol, thick clean outlines, screen-print poster art, limited flat colour palette, no realism, no photography, no soft shading, no depth of field. Decorative geometric background pattern behind the symbol: art-deco rays and a fine dot grid with subtle paper grain, on a DEEP NAVY background. The symbol is HUGE and fills the whole vertical frame. Enclosed by a thin art-deco keyline border with small square corner ornaments on a narrow cream margin. Palette: deep navy, teal, warm gold, crimson. Vertical composition. No text, no letters, no numbers, no signature.	1
joker	eight_bell	여덟째 종	a small brass bell with eight notches on its rim	Bold flat 2D emblem of a small brass bell with eight notches on its rim. Heraldic symbol, thick clean outlines, screen-print poster art, limited flat colour palette, no realism, no photography, no soft shading, no depth of field. Decorative geometric background pattern behind the symbol: art-deco rays and a fine dot grid with subtle paper grain, on a DEEP NAVY background. The symbol is HUGE and fills the whole vertical frame. Enclosed by a thin art-deco keyline border with small square corner ornaments on a narrow cream margin. Palette: deep navy, teal, warm gold, crimson. Vertical composition. No text, no letters, no numbers, no signature.	1
joker	smudge	번짐	a smudged ink thumbprint on paper	Bold flat 2D emblem of a smudged ink thumbprint on paper. Heraldic symbol, thick clean outlines, screen-print poster art, limited flat colour palette, no realism, no photography, no soft shading, no depth of field. Decorative geometric background pattern behind the symbol: art-deco rays and a fine dot grid with subtle paper grain, on a DEEP NAVY background. The symbol is HUGE and fills the whole vertical frame. Enclosed by a thin art-deco keyline border with small square corner ornaments on a narrow cream margin. Palette: deep navy, teal, warm gold, crimson. Vertical composition. No text, no letters, no numbers, no signature.	1
joker	low_branch	낮은 가지	a low branch	Bold flat 2D emblem of a low branch. Heraldic symbol, thick clean outlines, screen-print poster art, limited flat colour palette, no realism, no photography, no soft shading, no depth of field. Decorative geometric background pattern behind the symbol: art-deco rays and a fine dot grid with subtle paper grain, on a DEEP NAVY background. The symbol is HUGE and fills the whole vertical frame. Enclosed by a thin art-deco keyline border with small square corner ornaments on a narrow cream margin. Palette: deep navy, teal, warm gold, crimson. Vertical composition. No text, no letters, no numbers, no signature.	1
joker	muddle	헝클림	a muddle	Bold flat 2D emblem of a muddle. Heraldic symbol, thick clean outlines, screen-print poster art, limited flat colour palette, no realism, no photography, no soft shading, no depth of field. Decorative geometric background pattern behind the symbol: art-deco rays and a fine dot grid with subtle paper grain, on a DEEP NAVY background. The symbol is HUGE and fills the whole vertical frame. Enclosed by a thin art-deco keyline border with small square corner ornaments on a narrow cream margin. Palette: deep navy, teal, warm gold, crimson. Vertical composition. No text, no letters, no numbers, no signature.	1
joker	grim_mask	무서운 가면	a grim mask	Bold flat 2D emblem of a grim mask. Heraldic symbol, thick clean outlines, screen-print poster art, limited flat colour palette, no realism, no photography, no soft shading, no depth of field. Decorative geometric background pattern behind the symbol: art-deco rays and a fine dot grid with subtle paper grain, on a DEEP NAVY background. The symbol is HUGE and fills the whole vertical frame. Enclosed by a thin art-deco keyline border with small square corner ornaments on a narrow cream margin. Palette: deep navy, teal, warm gold, crimson. Vertical composition. No text, no letters, no numbers, no signature.	1
joker	tangle	엉킴	a loose tangle of knotted string, irregular and organic	Bold flat 2D emblem of a loose tangle of knotted string, irregular and organic. Heraldic symbol, thick clean outlines, screen-print poster art, limited flat colour palette, no realism, no photography, no soft shading, no depth of field. Decorative geometric background pattern behind the symbol: art-deco rays and a fine dot grid with subtle paper grain, on a DEEP NAVY background. The symbol is HUGE and fills the whole vertical frame. Enclosed by a thin art-deco keyline border with small square corner ornaments on a narrow cream margin. Palette: deep navy, teal, warm gold, crimson. Vertical composition. No text, no letters, no numbers, no signature.	1
joker	slow_pot	더딘 항아리	a slow pot	Bold flat 2D emblem of a slow pot. Heraldic symbol, thick clean outlines, screen-print poster art, limited flat colour palette, no realism, no photography, no soft shading, no depth of field. Decorative geometric background pattern behind the symbol: art-deco rays and a fine dot grid with subtle paper grain, on a DEEP NAVY background. The symbol is HUGE and fills the whole vertical frame. Enclosed by a thin art-deco keyline border with small square corner ornaments on a narrow cream margin. Palette: deep navy, teal, warm gold, crimson. Vertical composition. No text, no letters, no numbers, no signature.	1
joker	windfall_pear	바람 맞은 배	a windfall pear	Bold flat 2D emblem of a windfall pear. Heraldic symbol, thick clean outlines, screen-print poster art, limited flat colour palette, no realism, no photography, no soft shading, no depth of field. Decorative geometric background pattern behind the symbol: art-deco rays and a fine dot grid with subtle paper grain, on a DEEP NAVY background. The symbol is HUGE and fills the whole vertical frame. Enclosed by a thin art-deco keyline border with small square corner ornaments on a narrow cream margin. Palette: deep navy, teal, warm gold, crimson. Vertical composition. No text, no letters, no numbers, no signature.	1
joker	even_ivy	짝수 담쟁이	an even ivy	Bold flat 2D emblem of an even ivy. Heraldic symbol, thick clean outlines, screen-print poster art, limited flat colour palette, no realism, no photography, no soft shading, no depth of field. Decorative geometric background pattern behind the symbol: art-deco rays and a fine dot grid with subtle paper grain, on a DEEP NAVY background. The symbol is HUGE and fills the whole vertical frame. Enclosed by a thin art-deco keyline border with small square corner ornaments on a narrow cream margin. Palette: deep navy, teal, warm gold, crimson. Vertical composition. No text, no letters, no numbers, no signature.	1
joker	odd_alder	홀수 오리나무	an odd alder	Bold flat 2D emblem of an odd alder. Heraldic symbol, thick clean outlines, screen-print poster art, limited flat colour palette, no realism, no photography, no soft shading, no depth of field. Decorative geometric background pattern behind the symbol: art-deco rays and a fine dot grid with subtle paper grain, on a DEEP NAVY background. The symbol is HUGE and fills the whole vertical frame. Enclosed by a thin art-deco keyline border with small square corner ornaments on a narrow cream margin. Palette: deep navy, teal, warm gold, crimson. Vertical composition. No text, no letters, no numbers, no signature.	1
joker	almanac	낡은 연감	an open almanac book showing moon phases	Bold flat 2D emblem of an open almanac book showing moon phases. Heraldic symbol, thick clean outlines, screen-print poster art, limited flat colour palette, no realism, no photography, no soft shading, no depth of field. Decorative geometric background pattern behind the symbol: art-deco rays and a fine dot grid with subtle paper grain, on a DEEP NAVY background. The symbol is HUGE and fills the whole vertical frame. Enclosed by a thin art-deco keyline border with small square corner ornaments on a narrow cream margin. Palette: deep navy, teal, warm gold, crimson. Vertical composition. No text, no letters, no numbers, no signature.	1
joker	trade_card	거래 명함	a trade card	Bold flat 2D emblem of a trade card. Heraldic symbol, thick clean outlines, screen-print poster art, limited flat colour palette, no realism, no photography, no soft shading, no depth of field. Decorative geometric background pattern behind the symbol: art-deco rays and a fine dot grid with subtle paper grain, on a DEEP NAVY background. The symbol is HUGE and fills the whole vertical frame. Enclosed by a thin art-deco keyline border with small square corner ornaments on a narrow cream margin. Palette: deep navy, teal, warm gold, crimson. Vertical composition. No text, no letters, no numbers, no signature.	1
joker	nova_bud	새로 뜬 별	a nova bud	Bold flat 2D emblem of a nova bud. Heraldic symbol, thick clean outlines, screen-print poster art, limited flat colour palette, no realism, no photography, no soft shading, no depth of field. Decorative geometric background pattern behind the symbol: art-deco rays and a fine dot grid with subtle paper grain, on a DEEP NAVY background. The symbol is HUGE and fills the whole vertical frame. Enclosed by a thin art-deco keyline border with small square corner ornaments on a narrow cream margin. Palette: deep navy, teal, warm gold, crimson. Vertical composition. No text, no letters, no numbers, no signature.	1
joker	long_path	긴 길	a long path	Bold flat 2D emblem of a long path. Heraldic symbol, thick clean outlines, screen-print poster art, limited flat colour palette, no realism, no photography, no soft shading, no depth of field. Decorative geometric background pattern behind the symbol: art-deco rays and a fine dot grid with subtle paper grain, on a DEEP NAVY background. The symbol is HUGE and fills the whole vertical frame. Enclosed by a thin art-deco keyline border with small square corner ornaments on a narrow cream margin. Palette: deep navy, teal, warm gold, crimson. Vertical composition. No text, no letters, no numbers, no signature.	1
joker	seed_pod	씨주머니	a dried poppy capsule with a ring of vents	Bold flat 2D emblem of a dried poppy capsule with a ring of vents. Heraldic symbol, thick clean outlines, screen-print poster art, limited flat colour palette, no realism, no photography, no soft shading, no depth of field. Decorative geometric background pattern behind the symbol: art-deco rays and a fine dot grid with subtle paper grain, on a DEEP NAVY background. The symbol is HUGE and fills the whole vertical frame. Enclosed by a thin art-deco keyline border with small square corner ornaments on a narrow cream margin. Palette: deep navy, teal, warm gold, crimson. Vertical composition. No text, no letters, no numbers, no signature.	1
joker	creeper	덩굴손	a creeper	Bold flat 2D emblem of a creeper. Heraldic symbol, thick clean outlines, screen-print poster art, limited flat colour palette, no realism, no photography, no soft shading, no depth of field. Decorative geometric background pattern behind the symbol: art-deco rays and a fine dot grid with subtle paper grain, on a DEEP NAVY background. The symbol is HUGE and fills the whole vertical frame. Enclosed by a thin art-deco keyline border with small square corner ornaments on a narrow cream margin. Palette: deep navy, teal, warm gold, crimson. Vertical composition. No text, no letters, no numbers, no signature.	1
joker	frost_pane	서린 유리	a frost pane	Bold flat 2D emblem of a frost pane. Heraldic symbol, thick clean outlines, screen-print poster art, limited flat colour palette, no realism, no photography, no soft shading, no depth of field. Decorative geometric background pattern behind the symbol: art-deco rays and a fine dot grid with subtle paper grain, on a DEEP NAVY background. The symbol is HUGE and fills the whole vertical frame. Enclosed by a thin art-deco keyline border with small square corner ornaments on a narrow cream margin. Palette: deep navy, teal, warm gold, crimson. Vertical composition. No text, no letters, no numbers, no signature.	1
joker	downpour	소나기	a downpour	Bold flat 2D emblem of a downpour. Heraldic symbol, thick clean outlines, screen-print poster art, limited flat colour palette, no realism, no photography, no soft shading, no depth of field. Decorative geometric background pattern behind the symbol: art-deco rays and a fine dot grid with subtle paper grain, on a DEEP NAVY background. The symbol is HUGE and fills the whole vertical frame. Enclosed by a thin art-deco keyline border with small square corner ornaments on a narrow cream margin. Palette: deep navy, teal, warm gold, crimson. Vertical composition. No text, no letters, no numbers, no signature.	1
joker	blue_lantern	파란 등	a blue lantern	Bold flat 2D emblem of a blue lantern. Heraldic symbol, thick clean outlines, screen-print poster art, limited flat colour palette, no realism, no photography, no soft shading, no depth of field. Decorative geometric background pattern behind the symbol: art-deco rays and a fine dot grid with subtle paper grain, on a DEEP NAVY background. The symbol is HUGE and fills the whole vertical frame. Enclosed by a thin art-deco keyline border with small square corner ornaments on a narrow cream margin. Palette: deep navy, teal, warm gold, crimson. Vertical composition. No text, no letters, no numbers, no signature.	1
joker	blank_mask	빈 가면	a blank mask	Bold flat 2D emblem of a blank mask. Heraldic symbol, thick clean outlines, screen-print poster art, limited flat colour palette, no realism, no photography, no soft shading, no depth of field. Decorative geometric background pattern behind the symbol: art-deco rays and a fine dot grid with subtle paper grain, on a DEEP NAVY background. The symbol is HUGE and fills the whole vertical frame. Enclosed by a thin art-deco keyline border with small square corner ornaments on a narrow cream margin. Palette: deep navy, teal, warm gold, crimson. Vertical composition. No text, no letters, no numbers, no signature.	1
joker	green_shoot	초록 싹	a green shoot	Bold flat 2D emblem of a green shoot. Heraldic symbol, thick clean outlines, screen-print poster art, limited flat colour palette, no realism, no photography, no soft shading, no depth of field. Decorative geometric background pattern behind the symbol: art-deco rays and a fine dot grid with subtle paper grain, on a DEEP NAVY background. The symbol is HUGE and fills the whole vertical frame. Enclosed by a thin art-deco keyline border with small square corner ornaments on a narrow cream margin. Palette: deep navy, teal, warm gold, crimson. Vertical composition. No text, no letters, no numbers, no signature.	1
joker	twin_state	겹친 상태	a twin state	Bold flat 2D emblem of a twin state. Heraldic symbol, thick clean outlines, screen-print poster art, limited flat colour palette, no realism, no photography, no soft shading, no depth of field. Decorative geometric background pattern behind the symbol: art-deco rays and a fine dot grid with subtle paper grain, on a DEEP NAVY background. The symbol is HUGE and fills the whole vertical frame. Enclosed by a thin art-deco keyline border with small square corner ornaments on a narrow cream margin. Palette: deep navy, teal, warm gold, crimson. Vertical composition. No text, no letters, no numbers, no signature.	1
joker	chore_list	할 일 목록	a chore list	Bold flat 2D emblem of a chore list. Heraldic symbol, thick clean outlines, screen-print poster art, limited flat colour palette, no realism, no photography, no soft shading, no depth of field. Decorative geometric background pattern behind the symbol: art-deco rays and a fine dot grid with subtle paper grain, on a DEEP NAVY background. The symbol is HUGE and fills the whole vertical frame. Enclosed by a thin art-deco keyline border with small square corner ornaments on a narrow cream margin. Palette: deep navy, teal, warm gold, crimson. Vertical composition. No text, no letters, no numbers, no signature.	1
joker	orchard_pear	과수원 배	an orchard pear	Bold flat 2D emblem of an orchard pear. Heraldic symbol, thick clean outlines, screen-print poster art, limited flat colour palette, no realism, no photography, no soft shading, no depth of field. Decorative geometric background pattern behind the symbol: art-deco rays and a fine dot grid with subtle paper grain, on a DEEP NAVY background. The symbol is HUGE and fills the whole vertical frame. Enclosed by a thin art-deco keyline border with small square corner ornaments on a narrow cream margin. Palette: deep navy, teal, warm gold, crimson. Vertical composition. No text, no letters, no numbers, no signature.	1
joker	red_ticket	붉은 표	a red ticket	Bold flat 2D emblem of a red ticket. Heraldic symbol, thick clean outlines, screen-print poster art, limited flat colour palette, no realism, no photography, no soft shading, no depth of field. Decorative geometric background pattern behind the symbol: art-deco rays and a fine dot grid with subtle paper grain, on a DEEP NAVY background. The symbol is HUGE and fills the whole vertical frame. Enclosed by a thin art-deco keyline border with small square corner ornaments on a narrow cream margin. Palette: deep navy, teal, warm gold, crimson. Vertical composition. No text, no letters, no numbers, no signature.	1
joker	square_trellis	네모 격자	a square trellis	Bold flat 2D emblem of a square trellis. Heraldic symbol, thick clean outlines, screen-print poster art, limited flat colour palette, no realism, no photography, no soft shading, no depth of field. Decorative geometric background pattern behind the symbol: art-deco rays and a fine dot grid with subtle paper grain, on a DEEP NAVY background. The symbol is HUGE and fills the whole vertical frame. Enclosed by a thin art-deco keyline border with small square corner ornaments on a narrow cream margin. Palette: deep navy, teal, warm gold, crimson. Vertical composition. No text, no letters, no numbers, no signature.	1
joker	rabble	잡것들	a rabble	Bold flat 2D emblem of a rabble. Heraldic symbol, thick clean outlines, screen-print poster art, limited flat colour palette, no realism, no photography, no soft shading, no depth of field. Decorative geometric background pattern behind the symbol: art-deco rays and a fine dot grid with subtle paper grain, on a DEEP NAVY background. The symbol is HUGE and fills the whole vertical frame. Enclosed by a thin art-deco keyline border with small square corner ornaments on a narrow cream margin. Palette: deep navy, teal, warm gold, crimson. Vertical composition. No text, no letters, no numbers, no signature.	1
joker	tintype	은판 사진	an antique metal-plate portrait in an oval frame	Bold flat 2D emblem of an antique metal-plate portrait in an oval frame. Heraldic symbol, thick clean outlines, screen-print poster art, limited flat colour palette, no realism, no photography, no soft shading, no depth of field. Decorative geometric background pattern behind the symbol: art-deco rays and a fine dot grid with subtle paper grain, on a DEEP NAVY background. The symbol is HUGE and fills the whole vertical frame. Enclosed by a thin art-deco keyline border with small square corner ornaments on a narrow cream margin. Palette: deep navy, teal, warm gold, crimson. Vertical composition. No text, no letters, no numbers, no signature.	1
joker	garden_bench	정원 벤치	a garden bench	Bold flat 2D emblem of a garden bench. Heraldic symbol, thick clean outlines, screen-print poster art, limited flat colour palette, no realism, no photography, no soft shading, no depth of field. Decorative geometric background pattern behind the symbol: art-deco rays and a fine dot grid with subtle paper grain, on a DEEP NAVY background. The symbol is HUGE and fills the whole vertical frame. Enclosed by a thin art-deco keyline border with small square corner ornaments on a narrow cream margin. Palette: deep navy, teal, warm gold, crimson. Vertical composition. No text, no letters, no numbers, no signature.	1
joker	rebate_slip	환급 전표	a rebate slip	Bold flat 2D emblem of a rebate slip. Heraldic symbol, thick clean outlines, screen-print poster art, limited flat colour palette, no realism, no photography, no soft shading, no depth of field. Decorative geometric background pattern behind the symbol: art-deco rays and a fine dot grid with subtle paper grain, on a DEEP NAVY background. The symbol is HUGE and fills the whole vertical frame. Enclosed by a thin art-deco keyline border with small square corner ornaments on a narrow cream margin. Palette: deep navy, teal, warm gold, crimson. Vertical composition. No text, no letters, no numbers, no signature.	1
joker	daydream	백일몽	a daydream	Bold flat 2D emblem of a daydream. Heraldic symbol, thick clean outlines, screen-print poster art, limited flat colour palette, no realism, no photography, no soft shading, no depth of field. Decorative geometric background pattern behind the symbol: art-deco rays and a fine dot grid with subtle paper grain, on a DEEP NAVY background. The symbol is HUGE and fills the whole vertical frame. Enclosed by a thin art-deco keyline border with small square corner ornaments on a narrow cream margin. Palette: deep navy, teal, warm gold, crimson. Vertical composition. No text, no letters, no numbers, no signature.	1
joker	palm_reader	손금 읽는 이	a palm reader	Bold flat 2D emblem of a palm reader. Heraldic symbol, thick clean outlines, screen-print poster art, limited flat colour palette, no realism, no photography, no soft shading, no depth of field. Decorative geometric background pattern behind the symbol: art-deco rays and a fine dot grid with subtle paper grain, on a DEEP NAVY background. The symbol is HUGE and fills the whole vertical frame. Enclosed by a thin art-deco keyline border with small square corner ornaments on a narrow cream margin. Palette: deep navy, teal, warm gold, crimson. Vertical composition. No text, no letters, no numbers, no signature.	1
joker	spinner	던지는 이	a spinner	Bold flat 2D emblem of a spinner. Heraldic symbol, thick clean outlines, screen-print poster art, limited flat colour palette, no realism, no photography, no soft shading, no depth of field. Decorative geometric background pattern behind the symbol: art-deco rays and a fine dot grid with subtle paper grain, on a DEEP NAVY background. The symbol is HUGE and fills the whole vertical frame. Enclosed by a thin art-deco keyline border with small square corner ornaments on a narrow cream margin. Palette: deep navy, teal, warm gold, crimson. Vertical composition. No text, no letters, no numbers, no signature.	1
joker	tippler	한잔하는 이	a tippler	Bold flat 2D emblem of a tippler. Heraldic symbol, thick clean outlines, screen-print poster art, limited flat colour palette, no realism, no photography, no soft shading, no depth of field. Decorative geometric background pattern behind the symbol: art-deco rays and a fine dot grid with subtle paper grain, on a DEEP NAVY background. The symbol is HUGE and fills the whole vertical frame. Enclosed by a thin art-deco keyline border with small square corner ornaments on a narrow cream margin. Palette: deep navy, teal, warm gold, crimson. Vertical composition. No text, no letters, no numbers, no signature.	1
joker	gilt_coin	금박 동전	a single thick gold coin on edge	Bold flat 2D emblem of a single thick gold coin on edge. Heraldic symbol, thick clean outlines, screen-print poster art, limited flat colour palette, no realism, no photography, no soft shading, no depth of field. Decorative geometric background pattern behind the symbol: art-deco rays and a fine dot grid with subtle paper grain, on a DEEP NAVY background. The symbol is HUGE and fills the whole vertical frame. Enclosed by a thin art-deco keyline border with small square corner ornaments on a narrow cream margin. Palette: deep navy, teal, warm gold, crimson. Vertical composition. No text, no letters, no numbers, no signature.	1
joker	puffball	먼지버섯	a round white mushroom releasing a cloud of spores	Bold flat 2D emblem of a round white mushroom releasing a cloud of spores. Heraldic symbol, thick clean outlines, screen-print poster art, limited flat colour palette, no realism, no photography, no soft shading, no depth of field. Decorative geometric background pattern behind the symbol: art-deco rays and a fine dot grid with subtle paper grain, on a DEEP NAVY background. The symbol is HUGE and fills the whole vertical frame. Enclosed by a thin art-deco keyline border with small square corner ornaments on a narrow cream margin. Palette: deep navy, teal, warm gold, crimson. Vertical composition. No text, no letters, no numbers, no signature.	1
joker	tin_horn	양철 나팔	a tin horn	Bold flat 2D emblem of a tin horn. Heraldic symbol, thick clean outlines, screen-print poster art, limited flat colour palette, no realism, no photography, no soft shading, no depth of field. Decorative geometric background pattern behind the symbol: art-deco rays and a fine dot grid with subtle paper grain, on a DEEP NAVY background. The symbol is HUGE and fills the whole vertical frame. Enclosed by a thin art-deco keyline border with small square corner ornaments on a narrow cream margin. Palette: deep navy, teal, warm gold, crimson. Vertical composition. No text, no letters, no numbers, no signature.	1
joker	glad_mask	웃는 가면	a glad mask	Bold flat 2D emblem of a glad mask. Heraldic symbol, thick clean outlines, screen-print poster art, limited flat colour palette, no realism, no photography, no soft shading, no depth of field. Decorative geometric background pattern behind the symbol: art-deco rays and a fine dot grid with subtle paper grain, on a DEEP NAVY background. The symbol is HUGE and fills the whole vertical frame. Enclosed by a thin art-deco keyline border with small square corner ornaments on a narrow cream margin. Palette: deep navy, teal, warm gold, crimson. Vertical composition. No text, no letters, no numbers, no signature.	1
joker	gilt_stub	금박 표	a gilt stub	Bold flat 2D emblem of a gilt stub. Heraldic symbol, thick clean outlines, screen-print poster art, limited flat colour palette, no realism, no photography, no soft shading, no depth of field. Decorative geometric background pattern behind the symbol: art-deco rays and a fine dot grid with subtle paper grain, on a DEEP NAVY background. The symbol is HUGE and fills the whole vertical frame. Enclosed by a thin art-deco keyline border with small square corner ornaments on a narrow cream margin. Palette: deep navy, teal, warm gold, crimson. Vertical composition. No text, no letters, no numbers, no signature.	1
joker	bramble_blade	가시 칼	a bramble blade	Bold flat 2D emblem of a bramble blade. Heraldic symbol, thick clean outlines, screen-print poster art, limited flat colour palette, no realism, no photography, no soft shading, no depth of field. Decorative geometric background pattern behind the symbol: art-deco rays and a fine dot grid with subtle paper grain, on a DEEP NAVY background. The symbol is HUGE and fills the whole vertical frame. Enclosed by a thin art-deco keyline border with small square corner ornaments on a narrow cream margin. Palette: deep navy, teal, warm gold, crimson. Vertical composition. No text, no letters, no numbers, no signature.	1
joker	moonshot	달 겨눔	a moonshot	Bold flat 2D emblem of a moonshot. Heraldic symbol, thick clean outlines, screen-print poster art, limited flat colour palette, no realism, no photography, no soft shading, no depth of field. Decorative geometric background pattern behind the symbol: art-deco rays and a fine dot grid with subtle paper grain, on a DEEP NAVY background. The symbol is HUGE and fills the whole vertical frame. Enclosed by a thin art-deco keyline border with small square corner ornaments on a narrow cream margin. Palette: deep navy, teal, warm gold, crimson. Vertical composition. No text, no letters, no numbers, no signature.	1
joker	torn_tab	찢긴 쪽지	a torn tab	Bold flat 2D emblem of a torn tab. Heraldic symbol, thick clean outlines, screen-print poster art, limited flat colour palette, no realism, no photography, no soft shading, no depth of field. Decorative geometric background pattern behind the symbol: art-deco rays and a fine dot grid with subtle paper grain, on a DEEP NAVY background. The symbol is HUGE and fills the whole vertical frame. Enclosed by a thin art-deco keyline border with small square corner ornaments on a narrow cream margin. Palette: deep navy, teal, warm gold, crimson. Vertical composition. No text, no letters, no numbers, no signature.	1
joker	empty_frame	빈 액자	an empty gilded picture frame hanging in the dark	Bold flat 2D emblem of an empty gilded picture frame hanging in the dark. Heraldic symbol, thick clean outlines, screen-print poster art, limited flat colour palette, no realism, no photography, no soft shading, no depth of field. Decorative geometric background pattern behind the symbol: art-deco rays and a fine dot grid with subtle paper grain, on a DEEP NAVY background. The symbol is HUGE and fills the whole vertical frame. Enclosed by a thin art-deco keyline border with small square corner ornaments on a narrow cream margin. Palette: deep navy, teal, warm gold, crimson. Vertical composition. No text, no letters, no numbers, no signature.	1
joker	four_knuckles	네 마디	a four knuckles	Bold flat 2D emblem of a four knuckles. Heraldic symbol, thick clean outlines, screen-print poster art, limited flat colour palette, no realism, no photography, no soft shading, no depth of field. Decorative geometric background pattern behind the symbol: art-deco rays and a fine dot grid with subtle paper grain, on a DEEP NAVY background. The symbol is HUGE and fills the whole vertical frame. Enclosed by a thin art-deco keyline border with small square corner ornaments on a narrow cream margin. Palette: deep navy, teal, warm gold, crimson. Vertical composition. No text, no letters, no numbers, no signature.	1
joker	mummer	무언극배우	a mummer	Bold flat 2D emblem of a mummer. Heraldic symbol, thick clean outlines, screen-print poster art, limited flat colour palette, no realism, no photography, no soft shading, no depth of field. Decorative geometric background pattern behind the symbol: art-deco rays and a fine dot grid with subtle paper grain, on a DEEP NAVY background. The symbol is HUGE and fills the whole vertical frame. Enclosed by a thin art-deco keyline border with small square corner ornaments on a narrow cream margin. Palette: deep navy, teal, warm gold, crimson. Vertical composition. No text, no letters, no numbers, no signature.	1
joker	pruning_shears	전정 가위	a pruning shears	Bold flat 2D emblem of a pruning shears. Heraldic symbol, thick clean outlines, screen-print poster art, limited flat colour palette, no realism, no photography, no soft shading, no depth of field. Decorative geometric background pattern behind the symbol: art-deco rays and a fine dot grid with subtle paper grain, on a DEEP NAVY background. The symbol is HUGE and fills the whole vertical frame. Enclosed by a thin art-deco keyline border with small square corner ornaments on a narrow cream margin. Palette: deep navy, teal, warm gold, crimson. Vertical composition. No text, no letters, no numbers, no signature.	1
joker	pebble_jar	자갈 항아리	a pebble jar	Bold flat 2D emblem of a pebble jar. Heraldic symbol, thick clean outlines, screen-print poster art, limited flat colour palette, no realism, no photography, no soft shading, no depth of field. Decorative geometric background pattern behind the symbol: art-deco rays and a fine dot grid with subtle paper grain, on a DEEP NAVY background. The symbol is HUGE and fills the whole vertical frame. Enclosed by a thin art-deco keyline border with small square corner ornaments on a narrow cream margin. Palette: deep navy, teal, warm gold, crimson. Vertical composition. No text, no letters, no numbers, no signature.	1
joker	punch_card	도장 카드	a punch card	Bold flat 2D emblem of a punch card. Heraldic symbol, thick clean outlines, screen-print poster art, limited flat colour palette, no realism, no photography, no soft shading, no depth of field. Decorative geometric background pattern behind the symbol: art-deco rays and a fine dot grid with subtle paper grain, on a DEEP NAVY background. The symbol is HUGE and fills the whole vertical frame. Enclosed by a thin art-deco keyline border with small square corner ornaments on a narrow cream margin. Palette: deep navy, teal, warm gold, crimson. Vertical composition. No text, no letters, no numbers, no signature.	1
joker	twilight	해거름	a twilight	Bold flat 2D emblem of a twilight. Heraldic symbol, thick clean outlines, screen-print poster art, limited flat colour palette, no realism, no photography, no soft shading, no depth of field. Decorative geometric background pattern behind the symbol: art-deco rays and a fine dot grid with subtle paper grain, on a DEEP NAVY background. The symbol is HUGE and fills the whole vertical frame. Enclosed by a thin art-deco keyline border with small square corner ornaments on a narrow cream margin. Palette: deep navy, teal, warm gold, crimson. Vertical composition. No text, no letters, no numbers, no signature.	1
joker	spiral_shell	나선 껍질	a spiral shell	Bold flat 2D emblem of a spiral shell. Heraldic symbol, thick clean outlines, screen-print poster art, limited flat colour palette, no realism, no photography, no soft shading, no depth of field. Decorative geometric background pattern behind the symbol: art-deco rays and a fine dot grid with subtle paper grain, on a DEEP NAVY background. The symbol is HUGE and fills the whole vertical frame. Enclosed by a thin art-deco keyline border with small square corner ornaments on a narrow cream margin. Palette: deep navy, teal, warm gold, crimson. Vertical composition. No text, no letters, no numbers, no signature.	1
joker	steel_trellis	강철 격자	a steel trellis	Bold flat 2D emblem of a steel trellis. Heraldic symbol, thick clean outlines, screen-print poster art, limited flat colour palette, no realism, no photography, no soft shading, no depth of field. Decorative geometric background pattern behind the symbol: art-deco rays and a fine dot grid with subtle paper grain, on a DEEP NAVY background. The symbol is HUGE and fills the whole vertical frame. Enclosed by a thin art-deco keyline border with small square corner ornaments on a narrow cream margin. Palette: deep navy, teal, warm gold, crimson. Vertical composition. No text, no letters, no numbers, no signature.	1
joker	notch	눈금	a notch	Bold flat 2D emblem of a notch. Heraldic symbol, thick clean outlines, screen-print poster art, limited flat colour palette, no realism, no photography, no soft shading, no depth of field. Decorative geometric background pattern behind the symbol: art-deco rays and a fine dot grid with subtle paper grain, on a DEEP NAVY background. The symbol is HUGE and fills the whole vertical frame. Enclosed by a thin art-deco keyline border with small square corner ornaments on a narrow cream margin. Palette: deep navy, teal, warm gold, crimson. Vertical composition. No text, no letters, no numbers, no signature.	1
joker	face_pattern	얼굴 무늬	a face pattern	Bold flat 2D emblem of a face pattern. Heraldic symbol, thick clean outlines, screen-print poster art, limited flat colour palette, no realism, no photography, no soft shading, no depth of field. Decorative geometric background pattern behind the symbol: art-deco rays and a fine dot grid with subtle paper grain, on a DEEP NAVY background. The symbol is HUGE and fills the whole vertical frame. Enclosed by a thin art-deco keyline border with small square corner ornaments on a narrow cream margin. Palette: deep navy, teal, warm gold, crimson. Vertical composition. No text, no letters, no numbers, no signature.	1
joker	comet_tail	혜성 꼬리	a comet tail	Bold flat 2D emblem of a comet tail. Heraldic symbol, thick clean outlines, screen-print poster art, limited flat colour palette, no realism, no photography, no soft shading, no depth of field. Decorative geometric background pattern behind the symbol: art-deco rays and a fine dot grid with subtle paper grain, on a DEEP NAVY background. The symbol is HUGE and fills the whole vertical frame. Enclosed by a thin art-deco keyline border with small square corner ornaments on a narrow cream margin. Palette: deep navy, teal, warm gold, crimson. Vertical composition. No text, no letters, no numbers, no signature.	1
joker	night_thief	밤손님	a masked burglar in a dark cloak carrying a lantern	Bold flat 2D emblem of a masked burglar in a dark cloak carrying a lantern. Heraldic symbol, thick clean outlines, screen-print poster art, limited flat colour palette, no realism, no photography, no soft shading, no depth of field. Decorative geometric background pattern behind the symbol: art-deco rays and a fine dot grid with subtle paper grain, on a DEEP NAVY background. The symbol is HUGE and fills the whole vertical frame. Enclosed by a thin art-deco keyline border with small square corner ornaments on a narrow cream margin. Palette: deep navy, teal, warm gold, crimson. Vertical composition. No text, no letters, no numbers, no signature.	1
joker	slate_board	점판암 판	a slate board	Bold flat 2D emblem of a slate board. Heraldic symbol, thick clean outlines, screen-print poster art, limited flat colour palette, no realism, no photography, no soft shading, no depth of field. Decorative geometric background pattern behind the symbol: art-deco rays and a fine dot grid with subtle paper grain, on a DEEP NAVY background. The symbol is HUGE and fills the whole vertical frame. Enclosed by a thin art-deco keyline border with small square corner ornaments on a narrow cream margin. Palette: deep navy, teal, warm gold, crimson. Vertical composition. No text, no letters, no numbers, no signature.	1
joker	hunch	예감	a hunch	Bold flat 2D emblem of a hunch. Heraldic symbol, thick clean outlines, screen-print poster art, limited flat colour palette, no realism, no photography, no soft shading, no depth of field. Decorative geometric background pattern behind the symbol: art-deco rays and a fine dot grid with subtle paper grain, on a DEEP NAVY background. The symbol is HUGE and fills the whole vertical frame. Enclosed by a thin art-deco keyline border with small square corner ornaments on a narrow cream margin. Palette: deep navy, teal, warm gold, crimson. Vertical composition. No text, no letters, no numbers, no signature.	1
joker	star_chart	별자리표	a star chart	Bold flat 2D emblem of a star chart. Heraldic symbol, thick clean outlines, screen-print poster art, limited flat colour palette, no realism, no photography, no soft shading, no depth of field. Decorative geometric background pattern behind the symbol: art-deco rays and a fine dot grid with subtle paper grain, on a DEEP NAVY background. The symbol is HUGE and fills the whole vertical frame. Enclosed by a thin art-deco keyline border with small square corner ornaments on a narrow cream margin. Palette: deep navy, teal, warm gold, crimson. Vertical composition. No text, no letters, no numbers, no signature.	1
joker	wanderer	나그네	a wanderer	Bold flat 2D emblem of a wanderer. Heraldic symbol, thick clean outlines, screen-print poster art, limited flat colour palette, no realism, no photography, no soft shading, no depth of field. Decorative geometric background pattern behind the symbol: art-deco rays and a fine dot grid with subtle paper grain, on a DEEP NAVY background. The symbol is HUGE and fills the whole vertical frame. Enclosed by a thin art-deco keyline border with small square corner ornaments on a narrow cream margin. Palette: deep navy, teal, warm gold, crimson. Vertical composition. No text, no letters, no numbers, no signature.	1
joker	sharper	타짜	a sharper	Bold flat 2D emblem of a sharper. Heraldic symbol, thick clean outlines, screen-print poster art, limited flat colour palette, no realism, no photography, no soft shading, no depth of field. Decorative geometric background pattern behind the symbol: art-deco rays and a fine dot grid with subtle paper grain, on a DEEP NAVY background. The symbol is HUGE and fills the whole vertical frame. Enclosed by a thin art-deco keyline border with small square corner ornaments on a narrow cream margin. Palette: deep navy, teal, warm gold, crimson. Vertical composition. No text, no letters, no numbers, no signature.	1
joker	fever	열병	a fever	Bold flat 2D emblem of a fever. Heraldic symbol, thick clean outlines, screen-print poster art, limited flat colour palette, no realism, no photography, no soft shading, no depth of field. Decorative geometric background pattern behind the symbol: art-deco rays and a fine dot grid with subtle paper grain, on a DEEP NAVY background. The symbol is HUGE and fills the whole vertical frame. Enclosed by a thin art-deco keyline border with small square corner ornaments on a narrow cream margin. Palette: deep navy, teal, warm gold, crimson. Vertical composition. No text, no letters, no numbers, no signature.	1
joker	vigil	밤샘	a vigil	Bold flat 2D emblem of a vigil. Heraldic symbol, thick clean outlines, screen-print poster art, limited flat colour palette, no realism, no photography, no soft shading, no depth of field. Decorative geometric background pattern behind the symbol: art-deco rays and a fine dot grid with subtle paper grain, on a DEEP NAVY background. The symbol is HUGE and fills the whole vertical frame. Enclosed by a thin art-deco keyline border with small square corner ornaments on a narrow cream margin. Palette: deep navy, teal, warm gold, crimson. Vertical composition. No text, no letters, no numbers, no signature.	1
joker	leech_vine	거머리 덩굴	a leech vine	Bold flat 2D emblem of a leech vine. Heraldic symbol, thick clean outlines, screen-print poster art, limited flat colour palette, no realism, no photography, no soft shading, no depth of field. Decorative geometric background pattern behind the symbol: art-deco rays and a fine dot grid with subtle paper grain, on a DEEP NAVY background. The symbol is HUGE and fills the whole vertical frame. Enclosed by a thin art-deco keyline border with small square corner ornaments on a narrow cream margin. Palette: deep navy, teal, warm gold, crimson. Vertical composition. No text, no letters, no numbers, no signature.	1
joker	stepping_stone	디딤돌	flat stepping stones crossing dark water	Bold flat 2D emblem of flat stepping stones crossing dark water. Heraldic symbol, thick clean outlines, screen-print poster art, limited flat colour palette, no realism, no photography, no soft shading, no depth of field. Decorative geometric background pattern behind the symbol: art-deco rays and a fine dot grid with subtle paper grain, on a DEEP NAVY background. The symbol is HUGE and fills the whole vertical frame. Enclosed by a thin art-deco keyline border with small square corner ornaments on a narrow cream margin. Palette: deep navy, teal, warm gold, crimson. Vertical composition. No text, no letters, no numbers, no signature.	1
joker	glass_ghost	유리 그림자	a glass ghost	Bold flat 2D emblem of a glass ghost. Heraldic symbol, thick clean outlines, screen-print poster art, limited flat colour palette, no realism, no photography, no soft shading, no depth of field. Decorative geometric background pattern behind the symbol: art-deco rays and a fine dot grid with subtle paper grain, on a DEEP NAVY background. The symbol is HUGE and fills the whole vertical frame. Enclosed by a thin art-deco keyline border with small square corner ornaments on a narrow cream margin. Palette: deep navy, teal, warm gold, crimson. Vertical composition. No text, no letters, no numbers, no signature.	1
joker	ninth_cloud	아홉째 구름	a ninth cloud	Bold flat 2D emblem of a ninth cloud. Heraldic symbol, thick clean outlines, screen-print poster art, limited flat colour palette, no realism, no photography, no soft shading, no depth of field. Decorative geometric background pattern behind the symbol: art-deco rays and a fine dot grid with subtle paper grain, on a DEEP NAVY background. The symbol is HUGE and fills the whole vertical frame. Enclosed by a thin art-deco keyline border with small square corner ornaments on a narrow cream margin. Palette: deep navy, teal, warm gold, crimson. Vertical composition. No text, no letters, no numbers, no signature.	1
joker	sky_rocket	불화살	a sky rocket	Bold flat 2D emblem of a sky rocket. Heraldic symbol, thick clean outlines, screen-print poster art, limited flat colour palette, no realism, no photography, no soft shading, no depth of field. Decorative geometric background pattern behind the symbol: art-deco rays and a fine dot grid with subtle paper grain, on a DEEP NAVY background. The symbol is HUGE and fills the whole vertical frame. Enclosed by a thin art-deco keyline border with small square corner ornaments on a narrow cream margin. Palette: deep navy, teal, warm gold, crimson. Vertical composition. No text, no letters, no numbers, no signature.	1
joker	gilt_mask	금박 가면	a gilt mask	Bold flat 2D emblem of a gilt mask. Heraldic symbol, thick clean outlines, screen-print poster art, limited flat colour palette, no realism, no photography, no soft shading, no depth of field. Decorative geometric background pattern behind the symbol: art-deco rays and a fine dot grid with subtle paper grain, on a DEEP NAVY background. The symbol is HUGE and fills the whole vertical frame. Enclosed by a thin art-deco keyline border with small square corner ornaments on a narrow cream margin. Palette: deep navy, teal, warm gold, crimson. Vertical composition. No text, no letters, no numbers, no signature.	1
joker	ring_fighter	링의 투사	a ring fighter	Bold flat 2D emblem of a ring fighter. Heraldic symbol, thick clean outlines, screen-print poster art, limited flat colour palette, no realism, no photography, no soft shading, no depth of field. Decorative geometric background pattern behind the symbol: art-deco rays and a fine dot grid with subtle paper grain, on a DEEP NAVY background. The symbol is HUGE and fills the whole vertical frame. Enclosed by a thin art-deco keyline border with small square corner ornaments on a narrow cream margin. Palette: deep navy, teal, warm gold, crimson. Vertical composition. No text, no letters, no numbers, no signature.	1
joker	gift_tag	선물 꼬리표	a gift tag	Bold flat 2D emblem of a gift tag. Heraldic symbol, thick clean outlines, screen-print poster art, limited flat colour palette, no realism, no photography, no soft shading, no depth of field. Decorative geometric background pattern behind the symbol: art-deco rays and a fine dot grid with subtle paper grain, on a DEEP NAVY background. The symbol is HUGE and fills the whole vertical frame. Enclosed by a thin art-deco keyline border with small square corner ornaments on a narrow cream margin. Palette: deep navy, teal, warm gold, crimson. Vertical composition. No text, no letters, no numbers, no signature.	1
joker	broad_bean	넓은 콩	three round green legumes in a long green shell	Bold flat 2D emblem of three round green legumes in a long green shell. Heraldic symbol, thick clean outlines, screen-print poster art, limited flat colour palette, no realism, no photography, no soft shading, no depth of field. Decorative geometric background pattern behind the symbol: art-deco rays and a fine dot grid with subtle paper grain, on a DEEP NAVY background. The symbol is HUGE and fills the whole vertical frame. Enclosed by a thin art-deco keyline border with small square corner ornaments on a narrow cream margin. Palette: deep navy, teal, warm gold, crimson. Vertical composition. No text, no letters, no numbers, no signature.	1
joker	washout	씻김	a washout	Bold flat 2D emblem of a washout. Heraldic symbol, thick clean outlines, screen-print poster art, limited flat colour palette, no realism, no photography, no soft shading, no depth of field. Decorative geometric background pattern behind the symbol: art-deco rays and a fine dot grid with subtle paper grain, on a DEEP NAVY background. The symbol is HUGE and fills the whole vertical frame. Enclosed by a thin art-deco keyline border with small square corner ornaments on a narrow cream margin. Palette: deep navy, teal, warm gold, crimson. Vertical composition. No text, no letters, no numbers, no signature.	1
joker	moon_ladder	달 사다리	a moon ladder	Bold flat 2D emblem of a moon ladder. Heraldic symbol, thick clean outlines, screen-print poster art, limited flat colour palette, no realism, no photography, no soft shading, no depth of field. Decorative geometric background pattern behind the symbol: art-deco rays and a fine dot grid with subtle paper grain, on a DEEP NAVY background. The symbol is HUGE and fills the whole vertical frame. Enclosed by a thin art-deco keyline border with small square corner ornaments on a narrow cream margin. Palette: deep navy, teal, warm gold, crimson. Vertical composition. No text, no letters, no numbers, no signature.	1
joker	cairn	돌무지	a cairn	Bold flat 2D emblem of a cairn. Heraldic symbol, thick clean outlines, screen-print poster art, limited flat colour palette, no realism, no photography, no soft shading, no depth of field. Decorative geometric background pattern behind the symbol: art-deco rays and a fine dot grid with subtle paper grain, on a DEEP NAVY background. The symbol is HUGE and fills the whole vertical frame. Enclosed by a thin art-deco keyline border with small square corner ornaments on a narrow cream margin. Palette: deep navy, teal, warm gold, crimson. Vertical composition. No text, no letters, no numbers, no signature.	1
joker	lucky_toad	복 두꺼비	a lucky toad	Bold flat 2D emblem of a lucky toad. Heraldic symbol, thick clean outlines, screen-print poster art, limited flat colour palette, no realism, no photography, no soft shading, no depth of field. Decorative geometric background pattern behind the symbol: art-deco rays and a fine dot grid with subtle paper grain, on a DEEP NAVY background. The symbol is HUGE and fills the whole vertical frame. Enclosed by a thin art-deco keyline border with small square corner ornaments on a narrow cream margin. Palette: deep navy, teal, warm gold, crimson. Vertical composition. No text, no letters, no numbers, no signature.	1
joker	soda_cap	음료 뚜껑	a soda cap	Bold flat 2D emblem of a soda cap. Heraldic symbol, thick clean outlines, screen-print poster art, limited flat colour palette, no realism, no photography, no soft shading, no depth of field. Decorative geometric background pattern behind the symbol: art-deco rays and a fine dot grid with subtle paper grain, on a DEEP NAVY background. The symbol is HUGE and fills the whole vertical frame. Enclosed by a thin art-deco keyline border with small square corner ornaments on a narrow cream margin. Palette: deep navy, teal, warm gold, crimson. Vertical composition. No text, no letters, no numbers, no signature.	1
joker	swap_note	교환 쪽지	a swap note	Bold flat 2D emblem of a swap note. Heraldic symbol, thick clean outlines, screen-print poster art, limited flat colour palette, no realism, no photography, no soft shading, no depth of field. Decorative geometric background pattern behind the symbol: art-deco rays and a fine dot grid with subtle paper grain, on a DEEP NAVY background. The symbol is HUGE and fills the whole vertical frame. Enclosed by a thin art-deco keyline border with small square corner ornaments on a narrow cream margin. Palette: deep navy, teal, warm gold, crimson. Vertical composition. No text, no letters, no numbers, no signature.	1
joker	flash_note	섬광 쪽지	a flash note	Bold flat 2D emblem of a flash note. Heraldic symbol, thick clean outlines, screen-print poster art, limited flat colour palette, no realism, no photography, no soft shading, no depth of field. Decorative geometric background pattern behind the symbol: art-deco rays and a fine dot grid with subtle paper grain, on a DEEP NAVY background. The symbol is HUGE and fills the whole vertical frame. Enclosed by a thin art-deco keyline border with small square corner ornaments on a narrow cream margin. Palette: deep navy, teal, warm gold, crimson. Vertical composition. No text, no letters, no numbers, no signature.	1
joker	spare_gloves	여벌 장갑	a spare gloves	Bold flat 2D emblem of a spare gloves. Heraldic symbol, thick clean outlines, screen-print poster art, limited flat colour palette, no realism, no photography, no soft shading, no depth of field. Decorative geometric background pattern behind the symbol: art-deco rays and a fine dot grid with subtle paper grain, on a DEEP NAVY background. The symbol is HUGE and fills the whole vertical frame. Enclosed by a thin art-deco keyline border with small square corner ornaments on a narrow cream margin. Palette: deep navy, teal, warm gold, crimson. Vertical composition. No text, no letters, no numbers, no signature.	1
joker	noodle_pot	국수 냄비	a noodle pot	Bold flat 2D emblem of a noodle pot. Heraldic symbol, thick clean outlines, screen-print poster art, limited flat colour palette, no realism, no photography, no soft shading, no depth of field. Decorative geometric background pattern behind the symbol: art-deco rays and a fine dot grid with subtle paper grain, on a DEEP NAVY background. The symbol is HUGE and fills the whole vertical frame. Enclosed by a thin art-deco keyline border with small square corner ornaments on a narrow cream margin. Palette: deep navy, teal, warm gold, crimson. Vertical composition. No text, no letters, no numbers, no signature.	1
joker	fizz_bottle	탄산병	a fizz bottle	Bold flat 2D emblem of a fizz bottle. Heraldic symbol, thick clean outlines, screen-print poster art, limited flat colour palette, no realism, no photography, no soft shading, no depth of field. Decorative geometric background pattern behind the symbol: art-deco rays and a fine dot grid with subtle paper grain, on a DEEP NAVY background. The symbol is HUGE and fills the whole vertical frame. Enclosed by a thin art-deco keyline border with small square corner ornaments on a narrow cream margin. Palette: deep navy, teal, warm gold, crimson. Vertical composition. No text, no letters, no numbers, no signature.	1
joker	stone_keep	돌 성채	a stone keep	Bold flat 2D emblem of a stone keep. Heraldic symbol, thick clean outlines, screen-print poster art, limited flat colour palette, no realism, no photography, no soft shading, no depth of field. Decorative geometric background pattern behind the symbol: art-deco rays and a fine dot grid with subtle paper grain, on a DEEP NAVY background. The symbol is HUGE and fills the whole vertical frame. Enclosed by a thin art-deco keyline border with small square corner ornaments on a narrow cream margin. Palette: deep navy, teal, warm gold, crimson. Vertical composition. No text, no letters, no numbers, no signature.	1
joker	tumbler	곡예사	a tumbler	Bold flat 2D emblem of a tumbler. Heraldic symbol, thick clean outlines, screen-print poster art, limited flat colour palette, no realism, no photography, no soft shading, no depth of field. Decorative geometric background pattern behind the symbol: art-deco rays and a fine dot grid with subtle paper grain, on a DEEP NAVY background. The symbol is HUGE and fills the whole vertical frame. Enclosed by a thin art-deco keyline border with small square corner ornaments on a narrow cream margin. Palette: deep navy, teal, warm gold, crimson. Vertical composition. No text, no letters, no numbers, no signature.	1
joker	two_masks	두 가면	two theatre masks, one laughing and one weeping, side by side	Bold flat 2D emblem of two theatre masks, one laughing and one weeping, side by side. Heraldic symbol, thick clean outlines, screen-print poster art, limited flat colour palette, no realism, no photography, no soft shading, no depth of field. Decorative geometric background pattern behind the symbol: art-deco rays and a fine dot grid with subtle paper grain, on a DEEP NAVY background. The symbol is HUGE and fills the whole vertical frame. Enclosed by a thin art-deco keyline border with small square corner ornaments on a narrow cream margin. Palette: deep navy, teal, warm gold, crimson. Vertical composition. No text, no letters, no numbers, no signature.	1
joker	fiddler	악사	a fiddler	Bold flat 2D emblem of a fiddler. Heraldic symbol, thick clean outlines, screen-print poster art, limited flat colour palette, no realism, no photography, no soft shading, no depth of field. Decorative geometric background pattern behind the symbol: art-deco rays and a fine dot grid with subtle paper grain, on a DEEP NAVY background. The symbol is HUGE and fills the whole vertical frame. Enclosed by a thin art-deco keyline border with small square corner ornaments on a narrow cream margin. Palette: deep navy, teal, warm gold, crimson. Vertical composition. No text, no letters, no numbers, no signature.	1
joker	deed_stamp	증서 도장	a deed stamp	Bold flat 2D emblem of a deed stamp. Heraldic symbol, thick clean outlines, screen-print poster art, limited flat colour palette, no realism, no photography, no soft shading, no depth of field. Decorative geometric background pattern behind the symbol: art-deco rays and a fine dot grid with subtle paper grain, on a DEEP NAVY background. The symbol is HUGE and fills the whole vertical frame. Enclosed by a thin art-deco keyline border with small square corner ornaments on a narrow cream margin. Palette: deep navy, teal, warm gold, crimson. Vertical composition. No text, no letters, no numbers, no signature.	1
joker	smudged_pane	번진 유리	a smudged pane	Bold flat 2D emblem of a smudged pane. Heraldic symbol, thick clean outlines, screen-print poster art, limited flat colour palette, no realism, no photography, no soft shading, no depth of field. Decorative geometric background pattern behind the symbol: art-deco rays and a fine dot grid with subtle paper grain, on a DEEP NAVY background. The symbol is HUGE and fills the whole vertical frame. Enclosed by a thin art-deco keyline border with small square corner ornaments on a narrow cream margin. Palette: deep navy, teal, warm gold, crimson. Vertical composition. No text, no letters, no numbers, no signature.	1
joker	old_route	옛 길	an old route	Bold flat 2D emblem of an old route. Heraldic symbol, thick clean outlines, screen-print poster art, limited flat colour palette, no realism, no photography, no soft shading, no depth of field. Decorative geometric background pattern behind the symbol: art-deco rays and a fine dot grid with subtle paper grain, on a DEEP NAVY background. The symbol is HUGE and fills the whole vertical frame. Enclosed by a thin art-deco keyline border with small square corner ornaments on a narrow cream margin. Palette: deep navy, teal, warm gold, crimson. Vertical composition. No text, no letters, no numbers, no signature.	1
joker	raw_gem	원석	an uncut gemstone with rough facets	Bold flat 2D emblem of an uncut gemstone with rough facets. Heraldic symbol, thick clean outlines, screen-print poster art, limited flat colour palette, no realism, no photography, no soft shading, no depth of field. Decorative geometric background pattern behind the symbol: art-deco rays and a fine dot grid with subtle paper grain, on a DEEP NAVY background. The symbol is HUGE and fills the whole vertical frame. Enclosed by a thin art-deco keyline border with small square corner ornaments on a narrow cream margin. Palette: deep navy, teal, warm gold, crimson. Vertical composition. No text, no letters, no numbers, no signature.	1
joker	heartstone	피돌	a heartstone	Bold flat 2D emblem of a heartstone. Heraldic symbol, thick clean outlines, screen-print poster art, limited flat colour palette, no realism, no photography, no soft shading, no depth of field. Decorative geometric background pattern behind the symbol: art-deco rays and a fine dot grid with subtle paper grain, on a DEEP NAVY background. The symbol is HUGE and fills the whole vertical frame. Enclosed by a thin art-deco keyline border with small square corner ornaments on a narrow cream margin. Palette: deep navy, teal, warm gold, crimson. Vertical composition. No text, no letters, no numbers, no signature.	1
joker	arrow_flint	화살 부싯돌	an arrow flint	Bold flat 2D emblem of an arrow flint. Heraldic symbol, thick clean outlines, screen-print poster art, limited flat colour palette, no realism, no photography, no soft shading, no depth of field. Decorative geometric background pattern behind the symbol: art-deco rays and a fine dot grid with subtle paper grain, on a DEEP NAVY background. The symbol is HUGE and fills the whole vertical frame. Enclosed by a thin art-deco keyline border with small square corner ornaments on a narrow cream margin. Palette: deep navy, teal, warm gold, crimson. Vertical composition. No text, no letters, no numbers, no signature.	1
joker	onyx_leaf	검은 잎	an onyx leaf	Bold flat 2D emblem of an onyx leaf. Heraldic symbol, thick clean outlines, screen-print poster art, limited flat colour palette, no realism, no photography, no soft shading, no depth of field. Decorative geometric background pattern behind the symbol: art-deco rays and a fine dot grid with subtle paper grain, on a DEEP NAVY background. The symbol is HUGE and fills the whole vertical frame. Enclosed by a thin art-deco keyline border with small square corner ornaments on a narrow cream margin. Palette: deep navy, teal, warm gold, crimson. Vertical composition. No text, no letters, no numbers, no signature.	1
joker	shard_jar	파편 항아리	a shard jar	Bold flat 2D emblem of a shard jar. Heraldic symbol, thick clean outlines, screen-print poster art, limited flat colour palette, no realism, no photography, no soft shading, no depth of field. Decorative geometric background pattern behind the symbol: art-deco rays and a fine dot grid with subtle paper grain, on a DEEP NAVY background. The symbol is HUGE and fills the whole vertical frame. Enclosed by a thin art-deco keyline border with small square corner ornaments on a narrow cream margin. Palette: deep navy, teal, warm gold, crimson. Vertical composition. No text, no letters, no numbers, no signature.	1
joker	barker	호객꾼	a barker	Bold flat 2D emblem of a barker. Heraldic symbol, thick clean outlines, screen-print poster art, limited flat colour palette, no realism, no photography, no soft shading, no depth of field. Decorative geometric background pattern behind the symbol: art-deco rays and a fine dot grid with subtle paper grain, on a DEEP NAVY background. The symbol is HUGE and fills the whole vertical frame. Enclosed by a thin art-deco keyline border with small square corner ornaments on a narrow cream margin. Palette: deep navy, teal, warm gold, crimson. Vertical composition. No text, no letters, no numbers, no signature.	1
joker	four_beds	네 화단	a four beds	Bold flat 2D emblem of a four beds. Heraldic symbol, thick clean outlines, screen-print poster art, limited flat colour palette, no realism, no photography, no soft shading, no depth of field. Decorative geometric background pattern behind the symbol: art-deco rays and a fine dot grid with subtle paper grain, on a DEEP NAVY background. The symbol is HUGE and fills the whole vertical frame. Enclosed by a thin art-deco keyline border with small square corner ornaments on a narrow cream margin. Palette: deep navy, teal, warm gold, crimson. Vertical composition. No text, no letters, no numbers, no signature.	1
joker	glad_fool	즐거운 광대	a glad fool	Bold flat 2D emblem of a glad fool. Heraldic symbol, thick clean outlines, screen-print poster art, limited flat colour palette, no realism, no photography, no soft shading, no depth of field. Decorative geometric background pattern behind the symbol: art-deco rays and a fine dot grid with subtle paper grain, on a DEEP NAVY background. The symbol is HUGE and fills the whole vertical frame. Enclosed by a thin art-deco keyline border with small square corner ornaments on a narrow cream margin. Palette: deep navy, teal, warm gold, crimson. Vertical composition. No text, no letters, no numbers, no signature.	1
joker	loaded_dice	납 주사위	a pair of dice with weighted, off-centre pips	Bold flat 2D emblem of a pair of dice with weighted, off-centre pips. Heraldic symbol, thick clean outlines, screen-print poster art, limited flat colour palette, no realism, no photography, no soft shading, no depth of field. Decorative geometric background pattern behind the symbol: art-deco rays and a fine dot grid with subtle paper grain, on a DEEP NAVY background. The symbol is HUGE and fills the whole vertical frame. Enclosed by a thin art-deco keyline border with small square corner ornaments on a narrow cream margin. Palette: deep navy, teal, warm gold, crimson. Vertical composition. No text, no letters, no numbers, no signature.	1
joker	the_effigy	목각 인형	the effigy	Bold flat 2D emblem of the effigy. Heraldic symbol, thick clean outlines, screen-print poster art, limited flat colour palette, no realism, no photography, no soft shading, no depth of field. Decorative geometric background pattern behind the symbol: art-deco rays and a fine dot grid with subtle paper grain, on a DEEP NAVY background. The symbol is HUGE and fills the whole vertical frame. Enclosed by a thin art-deco keyline border with small square corner ornaments on a narrow cream margin. Palette: deep navy, teal, warm gold, crimson. Vertical composition. No text, no letters, no numbers, no signature.	1
joker	double_sight	겹보임	a double sight	Bold flat 2D emblem of a double sight. Heraldic symbol, thick clean outlines, screen-print poster art, limited flat colour palette, no realism, no photography, no soft shading, no depth of field. Decorative geometric background pattern behind the symbol: art-deco rays and a fine dot grid with subtle paper grain, on a DEEP NAVY background. The symbol is HUGE and fills the whole vertical frame. Enclosed by a thin art-deco keyline border with small square corner ornaments on a narrow cream margin. Palette: deep navy, teal, warm gold, crimson. Vertical composition. No text, no letters, no numbers, no signature.	1
joker	bullfighter	투우사	a bullfighter	Bold flat 2D emblem of a bullfighter. Heraldic symbol, thick clean outlines, screen-print poster art, limited flat colour palette, no realism, no photography, no soft shading, no depth of field. Decorative geometric background pattern behind the symbol: art-deco rays and a fine dot grid with subtle paper grain, on a DEEP NAVY background. The symbol is HUGE and fills the whole vertical frame. Enclosed by a thin art-deco keyline border with small square corner ornaments on a narrow cream margin. Palette: deep navy, teal, warm gold, crimson. Vertical composition. No text, no letters, no numbers, no signature.	1
joker	orbit_dish	접시 안테나	an orbit dish	Bold flat 2D emblem of an orbit dish. Heraldic symbol, thick clean outlines, screen-print poster art, limited flat colour palette, no realism, no photography, no soft shading, no depth of field. Decorative geometric background pattern behind the symbol: art-deco rays and a fine dot grid with subtle paper grain, on a DEEP NAVY background. The symbol is HUGE and fills the whole vertical frame. Enclosed by a thin art-deco keyline border with small square corner ornaments on a narrow cream margin. Palette: deep navy, teal, warm gold, crimson. Vertical composition. No text, no letters, no numbers, no signature.	1
joker	card_reader	카드 읽는 이	a card reader	Bold flat 2D emblem of a card reader. Heraldic symbol, thick clean outlines, screen-print poster art, limited flat colour palette, no realism, no photography, no soft shading, no depth of field. Decorative geometric background pattern behind the symbol: art-deco rays and a fine dot grid with subtle paper grain, on a DEEP NAVY background. The symbol is HUGE and fills the whole vertical frame. Enclosed by a thin art-deco keyline border with small square corner ornaments on a narrow cream margin. Palette: deep navy, teal, warm gold, crimson. Vertical composition. No text, no letters, no numbers, no signature.	1
joker	stargazer	별 보는 이	a stargazer	Bold flat 2D emblem of a stargazer. Heraldic symbol, thick clean outlines, screen-print poster art, limited flat colour palette, no realism, no photography, no soft shading, no depth of field. Decorative geometric background pattern behind the symbol: art-deco rays and a fine dot grid with subtle paper grain, on a DEEP NAVY background. The symbol is HUGE and fills the whole vertical frame. Enclosed by a thin art-deco keyline border with small square corner ornaments on a narrow cream margin. Palette: deep navy, teal, warm gold, crimson. Vertical composition. No text, no letters, no numbers, no signature.	1
joker	bootlace	구두끈	a bootlace	Bold flat 2D emblem of a bootlace. Heraldic symbol, thick clean outlines, screen-print poster art, limited flat colour palette, no realism, no photography, no soft shading, no depth of field. Decorative geometric background pattern behind the symbol: art-deco rays and a fine dot grid with subtle paper grain, on a DEEP NAVY background. The symbol is HUGE and fills the whole vertical frame. Enclosed by a thin art-deco keyline border with small square corner ornaments on a narrow cream margin. Palette: deep navy, teal, warm gold, crimson. Vertical composition. No text, no letters, no numbers, no signature.	1
joker	ox_yoke	황소 멍에	an ox yoke	Bold flat 2D emblem of an ox yoke. Heraldic symbol, thick clean outlines, screen-print poster art, limited flat colour palette, no realism, no photography, no soft shading, no depth of field. Decorative geometric background pattern behind the symbol: art-deco rays and a fine dot grid with subtle paper grain, on a DEEP NAVY background. The symbol is HUGE and fills the whole vertical frame. Enclosed by a thin art-deco keyline border with small square corner ornaments on a narrow cream margin. Palette: deep navy, teal, warm gold, crimson. Vertical composition. No text, no letters, no numbers, no signature.	1
joker	old_bones	낡은 뼈	an old bones	Bold flat 2D emblem of an old bones. Heraldic symbol, thick clean outlines, screen-print poster art, limited flat colour palette, no realism, no photography, no soft shading, no depth of field. Decorative geometric background pattern behind the symbol: art-deco rays and a fine dot grid with subtle paper grain, on a DEEP NAVY background. The symbol is HUGE and fills the whole vertical frame. Enclosed by a thin art-deco keyline border with small square corner ornaments on a narrow cream margin. Palette: deep navy, teal, warm gold, crimson. Vertical composition. No text, no letters, no numbers, no signature.	1
joker	graft	접붙임	a graft	Bold flat 2D emblem of a graft. Heraldic symbol, thick clean outlines, screen-print poster art, limited flat colour palette, no realism, no photography, no soft shading, no depth of field. Decorative geometric background pattern behind the symbol: art-deco rays and a fine dot grid with subtle paper grain, on a DEEP NAVY background. The symbol is HUGE and fills the whole vertical frame. Enclosed by a thin art-deco keyline border with small square corner ornaments on a narrow cream margin. Palette: deep navy, teal, warm gold, crimson. Vertical composition. No text, no letters, no numbers, no signature.	1
joker	drifter	떠돌이	a drifter	Bold flat 2D emblem of a drifter. Heraldic symbol, thick clean outlines, screen-print poster art, limited flat colour palette, no realism, no photography, no soft shading, no depth of field. Decorative geometric background pattern behind the symbol: art-deco rays and a fine dot grid with subtle paper grain, on a DEEP NAVY background. The symbol is HUGE and fills the whole vertical frame. Enclosed by a thin art-deco keyline border with small square corner ornaments on a narrow cream margin. Palette: deep navy, teal, warm gold, crimson. Vertical composition. No text, no letters, no numbers, no signature.	1
joker	steward	집사	a steward	Bold flat 2D emblem of a steward. Heraldic symbol, thick clean outlines, screen-print poster art, limited flat colour palette, no realism, no photography, no soft shading, no depth of field. Decorative geometric background pattern behind the symbol: art-deco rays and a fine dot grid with subtle paper grain, on a DEEP NAVY background. The symbol is HUGE and fills the whole vertical frame. Enclosed by a thin art-deco keyline border with small square corner ornaments on a narrow cream margin. Palette: deep navy, teal, warm gold, crimson. Vertical composition. No text, no letters, no numbers, no signature.	1
joker	standing_stone	선돌	a tall standing stone with carved grooves	Bold flat 2D emblem of a tall standing stone with carved grooves. Heraldic symbol, thick clean outlines, screen-print poster art, limited flat colour palette, no realism, no photography, no soft shading, no depth of field. Decorative geometric background pattern behind the symbol: art-deco rays and a fine dot grid with subtle paper grain, on a DEEP NAVY background. The symbol is HUGE and fills the whole vertical frame. Enclosed by a thin art-deco keyline border with small square corner ornaments on a narrow cream margin. Palette: deep navy, teal, warm gold, crimson. Vertical composition. No text, no letters, no numbers, no signature.	1
joker	rookie_card	신인 카드	a rookie card	Bold flat 2D emblem of a rookie card. Heraldic symbol, thick clean outlines, screen-print poster art, limited flat colour palette, no realism, no photography, no soft shading, no depth of field. Decorative geometric background pattern behind the symbol: art-deco rays and a fine dot grid with subtle paper grain, on a DEEP NAVY background. The symbol is HUGE and fills the whole vertical frame. Enclosed by a thin art-deco keyline border with small square corner ornaments on a narrow cream margin. Palette: deep navy, teal, warm gold, crimson. Vertical composition. No text, no letters, no numbers, no signature.	1
joker	old_sigil	옛 인장	an old sigil	Bold flat 2D emblem of an old sigil. Heraldic symbol, thick clean outlines, screen-print poster art, limited flat colour palette, no realism, no photography, no soft shading, no depth of field. Decorative geometric background pattern behind the symbol: art-deco rays and a fine dot grid with subtle paper grain, on a DEEP NAVY background. The symbol is HUGE and fills the whole vertical frame. Enclosed by a thin art-deco keyline border with small square corner ornaments on a narrow cream margin. Palette: deep navy, teal, warm gold, crimson. Vertical composition. No text, no letters, no numbers, no signature.	1
joker	bonfire	모닥불	a bonfire	Bold flat 2D emblem of a bonfire. Heraldic symbol, thick clean outlines, screen-print poster art, limited flat colour palette, no realism, no photography, no soft shading, no depth of field. Decorative geometric background pattern behind the symbol: art-deco rays and a fine dot grid with subtle paper grain, on a DEEP NAVY background. The symbol is HUGE and fills the whole vertical frame. Enclosed by a thin art-deco keyline border with small square corner ornaments on a narrow cream margin. Palette: deep navy, teal, warm gold, crimson. Vertical composition. No text, no letters, no numbers, no signature.	1
joker	tracing	덧그림	a tracing	Bold flat 2D emblem of a tracing. Heraldic symbol, thick clean outlines, screen-print poster art, limited flat colour palette, no realism, no photography, no soft shading, no depth of field. Decorative geometric background pattern behind the symbol: art-deco rays and a fine dot grid with subtle paper grain, on a DEEP NAVY background. The symbol is HUGE and fills the whole vertical frame. Enclosed by a thin art-deco keyline border with small square corner ornaments on a narrow cream margin. Palette: deep navy, teal, warm gold, crimson. Vertical composition. No text, no letters, no numbers, no signature.	1
joker	tiny_tot	꼬맹이	a very small jester doll in a patchwork hood	Bold flat 2D emblem of a very small jester doll in a patchwork hood. Heraldic symbol, thick clean outlines, screen-print poster art, limited flat colour palette, no realism, no photography, no soft shading, no depth of field. Decorative geometric background pattern behind the symbol: art-deco rays and a fine dot grid with subtle paper grain, on a DEEP NAVY background. The symbol is HUGE and fills the whole vertical frame. Enclosed by a thin art-deco keyline border with small square corner ornaments on a narrow cream margin. Palette: deep navy, teal, warm gold, crimson. Vertical composition. No text, no letters, no numbers, no signature.	1
joker	open_road	열린 길	an open road	Bold flat 2D emblem of an open road. Heraldic symbol, thick clean outlines, screen-print poster art, limited flat colour palette, no realism, no photography, no soft shading, no depth of field. Decorative geometric background pattern behind the symbol: art-deco rays and a fine dot grid with subtle paper grain, on a DEEP NAVY background. The symbol is HUGE and fills the whole vertical frame. Enclosed by a thin art-deco keyline border with small square corner ornaments on a narrow cream margin. Palette: deep navy, teal, warm gold, crimson. Vertical composition. No text, no letters, no numbers, no signature.	1
joker	the_bond	맺음	the bond	Bold flat 2D emblem of the bond. Heraldic symbol, thick clean outlines, screen-print poster art, limited flat colour palette, no realism, no photography, no soft shading, no depth of field. Decorative geometric background pattern behind the symbol: art-deco rays and a fine dot grid with subtle paper grain, on a DEEP NAVY background. The symbol is HUGE and fills the whole vertical frame. Enclosed by a thin art-deco keyline border with small square corner ornaments on a narrow cream margin. Palette: deep navy, teal, warm gold, crimson. Vertical composition. No text, no letters, no numbers, no signature.	1
joker	the_braid	세 갈래	the braid	Bold flat 2D emblem of the braid. Heraldic symbol, thick clean outlines, screen-print poster art, limited flat colour palette, no realism, no photography, no soft shading, no depth of field. Decorative geometric background pattern behind the symbol: art-deco rays and a fine dot grid with subtle paper grain, on a DEEP NAVY background. The symbol is HUGE and fills the whole vertical frame. Enclosed by a thin art-deco keyline border with small square corner ornaments on a narrow cream margin. Palette: deep navy, teal, warm gold, crimson. Vertical composition. No text, no letters, no numbers, no signature.	1
joker	the_brood	한 배	the brood	Bold flat 2D emblem of the brood. Heraldic symbol, thick clean outlines, screen-print poster art, limited flat colour palette, no realism, no photography, no soft shading, no depth of field. Decorative geometric background pattern behind the symbol: art-deco rays and a fine dot grid with subtle paper grain, on a DEEP NAVY background. The symbol is HUGE and fills the whole vertical frame. Enclosed by a thin art-deco keyline border with small square corner ornaments on a narrow cream margin. Palette: deep navy, teal, warm gold, crimson. Vertical composition. No text, no letters, no numbers, no signature.	1
joker	the_march	행렬	the march	Bold flat 2D emblem of the march. Heraldic symbol, thick clean outlines, screen-print poster art, limited flat colour palette, no realism, no photography, no soft shading, no depth of field. Decorative geometric background pattern behind the symbol: art-deco rays and a fine dot grid with subtle paper grain, on a DEEP NAVY background. The symbol is HUGE and fills the whole vertical frame. Enclosed by a thin art-deco keyline border with small square corner ornaments on a narrow cream margin. Palette: deep navy, teal, warm gold, crimson. Vertical composition. No text, no letters, no numbers, no signature.	1
joker	the_flock	무리	the flock	Bold flat 2D emblem of the flock. Heraldic symbol, thick clean outlines, screen-print poster art, limited flat colour palette, no realism, no photography, no soft shading, no depth of field. Decorative geometric background pattern behind the symbol: art-deco rays and a fine dot grid with subtle paper grain, on a DEEP NAVY background. The symbol is HUGE and fills the whole vertical frame. Enclosed by a thin art-deco keyline border with small square corner ornaments on a narrow cream margin. Palette: deep navy, teal, warm gold, crimson. Vertical composition. No text, no letters, no numbers, no signature.	1
joker	deadweight	짐덩이	a deadweight	Bold flat 2D emblem of a deadweight. Heraldic symbol, thick clean outlines, screen-print poster art, limited flat colour palette, no realism, no photography, no soft shading, no depth of field. Decorative geometric background pattern behind the symbol: art-deco rays and a fine dot grid with subtle paper grain, on a DEEP NAVY background. The symbol is HUGE and fills the whole vertical frame. Enclosed by a thin art-deco keyline border with small square corner ornaments on a narrow cream margin. Palette: deep navy, teal, warm gold, crimson. Vertical composition. No text, no letters, no numbers, no signature.	1
joker	faint_outline	희미한 윤곽	a faint outline	Bold flat 2D emblem of a faint outline. Heraldic symbol, thick clean outlines, screen-print poster art, limited flat colour palette, no realism, no photography, no soft shading, no depth of field. Decorative geometric background pattern behind the symbol: art-deco rays and a fine dot grid with subtle paper grain, on a DEEP NAVY background. The symbol is HUGE and fills the whole vertical frame. Enclosed by a thin art-deco keyline border with small square corner ornaments on a narrow cream margin. Palette: deep navy, teal, warm gold, crimson. Vertical composition. No text, no letters, no numbers, no signature.	1
joker	mirror_note	거울 쪽지	a mirror note	Bold flat 2D emblem of a mirror note. Heraldic symbol, thick clean outlines, screen-print poster art, limited flat colour palette, no realism, no photography, no soft shading, no depth of field. Decorative geometric background pattern behind the symbol: art-deco rays and a fine dot grid with subtle paper grain, on a DEEP NAVY background. The symbol is HUGE and fills the whole vertical frame. Enclosed by a thin art-deco keyline border with small square corner ornaments on a narrow cream margin. Palette: deep navy, teal, warm gold, crimson. Vertical composition. No text, no letters, no numbers, no signature.	1
joker	road_permit	통행 허가	a road permit	Bold flat 2D emblem of a road permit. Heraldic symbol, thick clean outlines, screen-print poster art, limited flat colour palette, no realism, no photography, no soft shading, no depth of field. Decorative geometric background pattern behind the symbol: art-deco rays and a fine dot grid with subtle paper grain, on a DEEP NAVY background. The symbol is HUGE and fills the whole vertical frame. Enclosed by a thin art-deco keyline border with small square corner ornaments on a narrow cream margin. Palette: deep navy, teal, warm gold, crimson. Vertical composition. No text, no letters, no numbers, no signature.	1
joker	scorch_mark	그을음	a scorch mark	Bold flat 2D emblem of a scorch mark. Heraldic symbol, thick clean outlines, screen-print poster art, limited flat colour palette, no realism, no photography, no soft shading, no depth of field. Decorative geometric background pattern behind the symbol: art-deco rays and a fine dot grid with subtle paper grain, on a DEEP NAVY background. The symbol is HUGE and fills the whole vertical frame. Enclosed by a thin art-deco keyline border with small square corner ornaments on a narrow cream margin. Palette: deep navy, teal, warm gold, crimson. Vertical composition. No text, no letters, no numbers, no signature.	1
joker	verdigris	녹빛	a verdigris	Bold flat 2D emblem of a verdigris. Heraldic symbol, thick clean outlines, screen-print poster art, limited flat colour palette, no realism, no photography, no soft shading, no depth of field. Decorative geometric background pattern behind the symbol: art-deco rays and a fine dot grid with subtle paper grain, on a DEEP NAVY background. The symbol is HUGE and fills the whole vertical frame. Enclosed by a thin art-deco keyline border with small square corner ornaments on a narrow cream margin. Palette: deep navy, teal, warm gold, crimson. Vertical composition. No text, no letters, no numbers, no signature.	1
joker	coronet	작은 관	a coronet	Bold flat 2D emblem of a coronet. Heraldic symbol, thick clean outlines, screen-print poster art, limited flat colour palette, no realism, no photography, no soft shading, no depth of field. Decorative geometric background pattern behind the symbol: art-deco rays and a fine dot grid with subtle paper grain, on a DEEP NAVY background. The symbol is HUGE and fills the whole vertical frame. Enclosed by a thin art-deco keyline border with small square corner ornaments on a narrow cream margin. Palette: deep navy, teal, warm gold, crimson. Vertical composition. No text, no letters, no numbers, no signature.	1
joker	gravebloom	무덤꽃	a gravebloom	Bold flat 2D emblem of a gravebloom. Heraldic symbol, thick clean outlines, screen-print poster art, limited flat colour palette, no realism, no photography, no soft shading, no depth of field. Decorative geometric background pattern behind the symbol: art-deco rays and a fine dot grid with subtle paper grain, on a DEEP NAVY background. The symbol is HUGE and fills the whole vertical frame. Enclosed by a thin art-deco keyline border with small square corner ornaments on a narrow cream margin. Palette: deep navy, teal, warm gold, crimson. Vertical composition. No text, no letters, no numbers, no signature.	1
joker	hushbell	잠잠종	a hushbell	Bold flat 2D emblem of a hushbell. Heraldic symbol, thick clean outlines, screen-print poster art, limited flat colour palette, no realism, no photography, no soft shading, no depth of field. Decorative geometric background pattern behind the symbol: art-deco rays and a fine dot grid with subtle paper grain, on a DEEP NAVY background. The symbol is HUGE and fills the whole vertical frame. Enclosed by a thin art-deco keyline border with small square corner ornaments on a narrow cream margin. Palette: deep navy, teal, warm gold, crimson. Vertical composition. No text, no letters, no numbers, no signature.	1
joker	echoseed	메아리씨	an echoseed	Bold flat 2D emblem of an echoseed. Heraldic symbol, thick clean outlines, screen-print poster art, limited flat colour palette, no realism, no photography, no soft shading, no depth of field. Decorative geometric background pattern behind the symbol: art-deco rays and a fine dot grid with subtle paper grain, on a DEEP NAVY background. The symbol is HUGE and fills the whole vertical frame. Enclosed by a thin art-deco keyline border with small square corner ornaments on a narrow cream margin. Palette: deep navy, teal, warm gold, crimson. Vertical composition. No text, no letters, no numbers, no signature.	1
tarot	the_fool	바보	an arcana emblem of a jester in a patchwork hood, seen from the shoulders up	Bold flat 2D emblem of an arcana emblem of a jester in a patchwork hood, seen from the shoulders up. Heraldic symbol, thick clean outlines, screen-print poster art, limited flat colour palette, no realism, no photography, no soft shading, no depth of field. Decorative geometric background pattern behind the symbol: art-deco rays and a fine dot grid with subtle paper grain, on a DEEP NAVY background. The symbol is HUGE and fills the whole vertical frame. Enclosed by a thin art-deco keyline border with small square corner ornaments on a narrow cream margin. Palette: deep navy, teal, warm gold, crimson. Vertical composition. No text, no letters, no numbers, no signature.	1
tarot	the_magician	마법사	an arcana emblem of the magician	Bold flat 2D emblem of an arcana emblem of the magician. Heraldic symbol, thick clean outlines, screen-print poster art, limited flat colour palette, no realism, no photography, no soft shading, no depth of field. Decorative geometric background pattern behind the symbol: art-deco rays and a fine dot grid with subtle paper grain, on a DEEP NAVY background. The symbol is HUGE and fills the whole vertical frame. Enclosed by a thin art-deco keyline border with small square corner ornaments on a narrow cream margin. Palette: deep navy, teal, warm gold, crimson. Vertical composition. No text, no letters, no numbers, no signature.	1
tarot	the_high_priestess	고위 여사제	an arcana emblem of the high priestess	Bold flat 2D emblem of an arcana emblem of the high priestess. Heraldic symbol, thick clean outlines, screen-print poster art, limited flat colour palette, no realism, no photography, no soft shading, no depth of field. Decorative geometric background pattern behind the symbol: art-deco rays and a fine dot grid with subtle paper grain, on a DEEP NAVY background. The symbol is HUGE and fills the whole vertical frame. Enclosed by a thin art-deco keyline border with small square corner ornaments on a narrow cream margin. Palette: deep navy, teal, warm gold, crimson. Vertical composition. No text, no letters, no numbers, no signature.	1
tarot	the_empress	여제	an arcana emblem of the empress	Bold flat 2D emblem of an arcana emblem of the empress. Heraldic symbol, thick clean outlines, screen-print poster art, limited flat colour palette, no realism, no photography, no soft shading, no depth of field. Decorative geometric background pattern behind the symbol: art-deco rays and a fine dot grid with subtle paper grain, on a DEEP NAVY background. The symbol is HUGE and fills the whole vertical frame. Enclosed by a thin art-deco keyline border with small square corner ornaments on a narrow cream margin. Palette: deep navy, teal, warm gold, crimson. Vertical composition. No text, no letters, no numbers, no signature.	1
tarot	the_emperor	황제	an arcana emblem of the emperor	Bold flat 2D emblem of an arcana emblem of the emperor. Heraldic symbol, thick clean outlines, screen-print poster art, limited flat colour palette, no realism, no photography, no soft shading, no depth of field. Decorative geometric background pattern behind the symbol: art-deco rays and a fine dot grid with subtle paper grain, on a DEEP NAVY background. The symbol is HUGE and fills the whole vertical frame. Enclosed by a thin art-deco keyline border with small square corner ornaments on a narrow cream margin. Palette: deep navy, teal, warm gold, crimson. Vertical composition. No text, no letters, no numbers, no signature.	1
tarot	the_hierophant	교황	an arcana emblem of the hierophant	Bold flat 2D emblem of an arcana emblem of the hierophant. Heraldic symbol, thick clean outlines, screen-print poster art, limited flat colour palette, no realism, no photography, no soft shading, no depth of field. Decorative geometric background pattern behind the symbol: art-deco rays and a fine dot grid with subtle paper grain, on a DEEP NAVY background. The symbol is HUGE and fills the whole vertical frame. Enclosed by a thin art-deco keyline border with small square corner ornaments on a narrow cream margin. Palette: deep navy, teal, warm gold, crimson. Vertical composition. No text, no letters, no numbers, no signature.	1
tarot	the_lovers	연인	an arcana emblem of the lovers	Bold flat 2D emblem of an arcana emblem of the lovers. Heraldic symbol, thick clean outlines, screen-print poster art, limited flat colour palette, no realism, no photography, no soft shading, no depth of field. Decorative geometric background pattern behind the symbol: art-deco rays and a fine dot grid with subtle paper grain, on a DEEP NAVY background. The symbol is HUGE and fills the whole vertical frame. Enclosed by a thin art-deco keyline border with small square corner ornaments on a narrow cream margin. Palette: deep navy, teal, warm gold, crimson. Vertical composition. No text, no letters, no numbers, no signature.	1
tarot	the_chariot	전차	an arcana emblem of the chariot	Bold flat 2D emblem of an arcana emblem of the chariot. Heraldic symbol, thick clean outlines, screen-print poster art, limited flat colour palette, no realism, no photography, no soft shading, no depth of field. Decorative geometric background pattern behind the symbol: art-deco rays and a fine dot grid with subtle paper grain, on a DEEP NAVY background. The symbol is HUGE and fills the whole vertical frame. Enclosed by a thin art-deco keyline border with small square corner ornaments on a narrow cream margin. Palette: deep navy, teal, warm gold, crimson. Vertical composition. No text, no letters, no numbers, no signature.	1
tarot	justice	정의	an arcana emblem of a justice	Bold flat 2D emblem of an arcana emblem of a justice. Heraldic symbol, thick clean outlines, screen-print poster art, limited flat colour palette, no realism, no photography, no soft shading, no depth of field. Decorative geometric background pattern behind the symbol: art-deco rays and a fine dot grid with subtle paper grain, on a DEEP NAVY background. The symbol is HUGE and fills the whole vertical frame. Enclosed by a thin art-deco keyline border with small square corner ornaments on a narrow cream margin. Palette: deep navy, teal, warm gold, crimson. Vertical composition. No text, no letters, no numbers, no signature.	1
tarot	the_hermit	은둔자	an arcana emblem of the hermit	Bold flat 2D emblem of an arcana emblem of the hermit. Heraldic symbol, thick clean outlines, screen-print poster art, limited flat colour palette, no realism, no photography, no soft shading, no depth of field. Decorative geometric background pattern behind the symbol: art-deco rays and a fine dot grid with subtle paper grain, on a DEEP NAVY background. The symbol is HUGE and fills the whole vertical frame. Enclosed by a thin art-deco keyline border with small square corner ornaments on a narrow cream margin. Palette: deep navy, teal, warm gold, crimson. Vertical composition. No text, no letters, no numbers, no signature.	1
tarot	the_wheel_of_fortune	운명의 수레바퀴	an arcana emblem of the wheel of fortune	Bold flat 2D emblem of an arcana emblem of the wheel of fortune. Heraldic symbol, thick clean outlines, screen-print poster art, limited flat colour palette, no realism, no photography, no soft shading, no depth of field. Decorative geometric background pattern behind the symbol: art-deco rays and a fine dot grid with subtle paper grain, on a DEEP NAVY background. The symbol is HUGE and fills the whole vertical frame. Enclosed by a thin art-deco keyline border with small square corner ornaments on a narrow cream margin. Palette: deep navy, teal, warm gold, crimson. Vertical composition. No text, no letters, no numbers, no signature.	1
tarot	strength	힘	an arcana emblem of a lion with a wreath, an arcana emblem of fortitude	Bold flat 2D emblem of an arcana emblem of a lion with a wreath, an arcana emblem of fortitude. Heraldic symbol, thick clean outlines, screen-print poster art, limited flat colour palette, no realism, no photography, no soft shading, no depth of field. Decorative geometric background pattern behind the symbol: art-deco rays and a fine dot grid with subtle paper grain, on a DEEP NAVY background. The symbol is HUGE and fills the whole vertical frame. Enclosed by a thin art-deco keyline border with small square corner ornaments on a narrow cream margin. Palette: deep navy, teal, warm gold, crimson. Vertical composition. No text, no letters, no numbers, no signature.	1
tarot	the_hanged_man	매달린 사람	an arcana emblem of the hanged man	Bold flat 2D emblem of an arcana emblem of the hanged man. Heraldic symbol, thick clean outlines, screen-print poster art, limited flat colour palette, no realism, no photography, no soft shading, no depth of field. Decorative geometric background pattern behind the symbol: art-deco rays and a fine dot grid with subtle paper grain, on a DEEP NAVY background. The symbol is HUGE and fills the whole vertical frame. Enclosed by a thin art-deco keyline border with small square corner ornaments on a narrow cream margin. Palette: deep navy, teal, warm gold, crimson. Vertical composition. No text, no letters, no numbers, no signature.	1
tarot	death	죽음	an arcana emblem of a death	Bold flat 2D emblem of an arcana emblem of a death. Heraldic symbol, thick clean outlines, screen-print poster art, limited flat colour palette, no realism, no photography, no soft shading, no depth of field. Decorative geometric background pattern behind the symbol: art-deco rays and a fine dot grid with subtle paper grain, on a DEEP NAVY background. The symbol is HUGE and fills the whole vertical frame. Enclosed by a thin art-deco keyline border with small square corner ornaments on a narrow cream margin. Palette: deep navy, teal, warm gold, crimson. Vertical composition. No text, no letters, no numbers, no signature.	1
tarot	temperance	절제	an arcana emblem of a temperance	Bold flat 2D emblem of an arcana emblem of a temperance. Heraldic symbol, thick clean outlines, screen-print poster art, limited flat colour palette, no realism, no photography, no soft shading, no depth of field. Decorative geometric background pattern behind the symbol: art-deco rays and a fine dot grid with subtle paper grain, on a DEEP NAVY background. The symbol is HUGE and fills the whole vertical frame. Enclosed by a thin art-deco keyline border with small square corner ornaments on a narrow cream margin. Palette: deep navy, teal, warm gold, crimson. Vertical composition. No text, no letters, no numbers, no signature.	1
tarot	the_devil	악마	an arcana emblem of a horned goat-headed idol, an arcana emblem	Bold flat 2D emblem of an arcana emblem of a horned goat-headed idol, an arcana emblem. Heraldic symbol, thick clean outlines, screen-print poster art, limited flat colour palette, no realism, no photography, no soft shading, no depth of field. Decorative geometric background pattern behind the symbol: art-deco rays and a fine dot grid with subtle paper grain, on a DEEP NAVY background. The symbol is HUGE and fills the whole vertical frame. Enclosed by a thin art-deco keyline border with small square corner ornaments on a narrow cream margin. Palette: deep navy, teal, warm gold, crimson. Vertical composition. No text, no letters, no numbers, no signature.	1
tarot	the_tower	탑	an arcana emblem of the tower	Bold flat 2D emblem of an arcana emblem of the tower. Heraldic symbol, thick clean outlines, screen-print poster art, limited flat colour palette, no realism, no photography, no soft shading, no depth of field. Decorative geometric background pattern behind the symbol: art-deco rays and a fine dot grid with subtle paper grain, on a DEEP NAVY background. The symbol is HUGE and fills the whole vertical frame. Enclosed by a thin art-deco keyline border with small square corner ornaments on a narrow cream margin. Palette: deep navy, teal, warm gold, crimson. Vertical composition. No text, no letters, no numbers, no signature.	1
tarot	the_star	별	an arcana emblem of the star	Bold flat 2D emblem of an arcana emblem of the star. Heraldic symbol, thick clean outlines, screen-print poster art, limited flat colour palette, no realism, no photography, no soft shading, no depth of field. Decorative geometric background pattern behind the symbol: art-deco rays and a fine dot grid with subtle paper grain, on a DEEP NAVY background. The symbol is HUGE and fills the whole vertical frame. Enclosed by a thin art-deco keyline border with small square corner ornaments on a narrow cream margin. Palette: deep navy, teal, warm gold, crimson. Vertical composition. No text, no letters, no numbers, no signature.	1
tarot	the_moon	달	an arcana emblem of the moon	Bold flat 2D emblem of an arcana emblem of the moon. Heraldic symbol, thick clean outlines, screen-print poster art, limited flat colour palette, no realism, no photography, no soft shading, no depth of field. Decorative geometric background pattern behind the symbol: art-deco rays and a fine dot grid with subtle paper grain, on a DEEP NAVY background. The symbol is HUGE and fills the whole vertical frame. Enclosed by a thin art-deco keyline border with small square corner ornaments on a narrow cream margin. Palette: deep navy, teal, warm gold, crimson. Vertical composition. No text, no letters, no numbers, no signature.	1
tarot	the_sun	태양	an arcana emblem of the sun	Bold flat 2D emblem of an arcana emblem of the sun. Heraldic symbol, thick clean outlines, screen-print poster art, limited flat colour palette, no realism, no photography, no soft shading, no depth of field. Decorative geometric background pattern behind the symbol: art-deco rays and a fine dot grid with subtle paper grain, on a DEEP NAVY background. The symbol is HUGE and fills the whole vertical frame. Enclosed by a thin art-deco keyline border with small square corner ornaments on a narrow cream margin. Palette: deep navy, teal, warm gold, crimson. Vertical composition. No text, no letters, no numbers, no signature.	1
tarot	judgement	심판	an arcana emblem of a judgement	Bold flat 2D emblem of an arcana emblem of a judgement. Heraldic symbol, thick clean outlines, screen-print poster art, limited flat colour palette, no realism, no photography, no soft shading, no depth of field. Decorative geometric background pattern behind the symbol: art-deco rays and a fine dot grid with subtle paper grain, on a DEEP NAVY background. The symbol is HUGE and fills the whole vertical frame. Enclosed by a thin art-deco keyline border with small square corner ornaments on a narrow cream margin. Palette: deep navy, teal, warm gold, crimson. Vertical composition. No text, no letters, no numbers, no signature.	1
tarot	the_world	세계	an arcana emblem of the world	Bold flat 2D emblem of an arcana emblem of the world. Heraldic symbol, thick clean outlines, screen-print poster art, limited flat colour palette, no realism, no photography, no soft shading, no depth of field. Decorative geometric background pattern behind the symbol: art-deco rays and a fine dot grid with subtle paper grain, on a DEEP NAVY background. The symbol is HUGE and fills the whole vertical frame. Enclosed by a thin art-deco keyline border with small square corner ornaments on a narrow cream margin. Palette: deep navy, teal, warm gold, crimson. Vertical composition. No text, no letters, no numbers, no signature.	1
planet	pluto	명왕성	the planet Pluto with rings and moons	Bold flat 2D emblem of the planet Pluto with rings and moons. Heraldic symbol, thick clean outlines, screen-print poster art, limited flat colour palette, no realism, no photography, no soft shading, no depth of field. Decorative geometric background pattern behind the symbol: art-deco rays and a fine dot grid with subtle paper grain, on a DEEP NAVY background. The symbol is HUGE and fills the whole vertical frame. Enclosed by a thin art-deco keyline border with small square corner ornaments on a narrow cream margin. Palette: deep navy, teal, warm gold, crimson. Vertical composition. No text, no letters, no numbers, no signature.	1
planet	mercury	수성	the planet Mercury with rings and moons	Bold flat 2D emblem of the planet Mercury with rings and moons. Heraldic symbol, thick clean outlines, screen-print poster art, limited flat colour palette, no realism, no photography, no soft shading, no depth of field. Decorative geometric background pattern behind the symbol: art-deco rays and a fine dot grid with subtle paper grain, on a DEEP NAVY background. The symbol is HUGE and fills the whole vertical frame. Enclosed by a thin art-deco keyline border with small square corner ornaments on a narrow cream margin. Palette: deep navy, teal, warm gold, crimson. Vertical composition. No text, no letters, no numbers, no signature.	1
planet	uranus	천왕성	the planet Uranus with rings and moons	Bold flat 2D emblem of the planet Uranus with rings and moons. Heraldic symbol, thick clean outlines, screen-print poster art, limited flat colour palette, no realism, no photography, no soft shading, no depth of field. Decorative geometric background pattern behind the symbol: art-deco rays and a fine dot grid with subtle paper grain, on a DEEP NAVY background. The symbol is HUGE and fills the whole vertical frame. Enclosed by a thin art-deco keyline border with small square corner ornaments on a narrow cream margin. Palette: deep navy, teal, warm gold, crimson. Vertical composition. No text, no letters, no numbers, no signature.	1
planet	venus	금성	the planet Venus with rings and moons	Bold flat 2D emblem of the planet Venus with rings and moons. Heraldic symbol, thick clean outlines, screen-print poster art, limited flat colour palette, no realism, no photography, no soft shading, no depth of field. Decorative geometric background pattern behind the symbol: art-deco rays and a fine dot grid with subtle paper grain, on a DEEP NAVY background. The symbol is HUGE and fills the whole vertical frame. Enclosed by a thin art-deco keyline border with small square corner ornaments on a narrow cream margin. Palette: deep navy, teal, warm gold, crimson. Vertical composition. No text, no letters, no numbers, no signature.	1
planet	saturn	토성	the planet Saturn with rings and moons	Bold flat 2D emblem of the planet Saturn with rings and moons. Heraldic symbol, thick clean outlines, screen-print poster art, limited flat colour palette, no realism, no photography, no soft shading, no depth of field. Decorative geometric background pattern behind the symbol: art-deco rays and a fine dot grid with subtle paper grain, on a DEEP NAVY background. The symbol is HUGE and fills the whole vertical frame. Enclosed by a thin art-deco keyline border with small square corner ornaments on a narrow cream margin. Palette: deep navy, teal, warm gold, crimson. Vertical composition. No text, no letters, no numbers, no signature.	1
planet	jupiter	목성	the planet Jupiter with rings and moons	Bold flat 2D emblem of the planet Jupiter with rings and moons. Heraldic symbol, thick clean outlines, screen-print poster art, limited flat colour palette, no realism, no photography, no soft shading, no depth of field. Decorative geometric background pattern behind the symbol: art-deco rays and a fine dot grid with subtle paper grain, on a DEEP NAVY background. The symbol is HUGE and fills the whole vertical frame. Enclosed by a thin art-deco keyline border with small square corner ornaments on a narrow cream margin. Palette: deep navy, teal, warm gold, crimson. Vertical composition. No text, no letters, no numbers, no signature.	1
planet	earth	지구	the planet Earth with rings and moons	Bold flat 2D emblem of the planet Earth with rings and moons. Heraldic symbol, thick clean outlines, screen-print poster art, limited flat colour palette, no realism, no photography, no soft shading, no depth of field. Decorative geometric background pattern behind the symbol: art-deco rays and a fine dot grid with subtle paper grain, on a DEEP NAVY background. The symbol is HUGE and fills the whole vertical frame. Enclosed by a thin art-deco keyline border with small square corner ornaments on a narrow cream margin. Palette: deep navy, teal, warm gold, crimson. Vertical composition. No text, no letters, no numbers, no signature.	1
planet	mars	화성	the planet Mars with rings and moons	Bold flat 2D emblem of the planet Mars with rings and moons. Heraldic symbol, thick clean outlines, screen-print poster art, limited flat colour palette, no realism, no photography, no soft shading, no depth of field. Decorative geometric background pattern behind the symbol: art-deco rays and a fine dot grid with subtle paper grain, on a DEEP NAVY background. The symbol is HUGE and fills the whole vertical frame. Enclosed by a thin art-deco keyline border with small square corner ornaments on a narrow cream margin. Palette: deep navy, teal, warm gold, crimson. Vertical composition. No text, no letters, no numbers, no signature.	1
planet	neptune	해왕성	the planet Neptune with rings and moons	Bold flat 2D emblem of the planet Neptune with rings and moons. Heraldic symbol, thick clean outlines, screen-print poster art, limited flat colour palette, no realism, no photography, no soft shading, no depth of field. Decorative geometric background pattern behind the symbol: art-deco rays and a fine dot grid with subtle paper grain, on a DEEP NAVY background. The symbol is HUGE and fills the whole vertical frame. Enclosed by a thin art-deco keyline border with small square corner ornaments on a narrow cream margin. Palette: deep navy, teal, warm gold, crimson. Vertical composition. No text, no letters, no numbers, no signature.	1
planet	planet_x	플래닛 X	the planet Planet X with rings and moons	Bold flat 2D emblem of the planet Planet X with rings and moons. Heraldic symbol, thick clean outlines, screen-print poster art, limited flat colour palette, no realism, no photography, no soft shading, no depth of field. Decorative geometric background pattern behind the symbol: art-deco rays and a fine dot grid with subtle paper grain, on a DEEP NAVY background. The symbol is HUGE and fills the whole vertical frame. Enclosed by a thin art-deco keyline border with small square corner ornaments on a narrow cream margin. Palette: deep navy, teal, warm gold, crimson. Vertical composition. No text, no letters, no numbers, no signature.	1
planet	ceres	세레스	the planet Ceres with rings and moons	Bold flat 2D emblem of the planet Ceres with rings and moons. Heraldic symbol, thick clean outlines, screen-print poster art, limited flat colour palette, no realism, no photography, no soft shading, no depth of field. Decorative geometric background pattern behind the symbol: art-deco rays and a fine dot grid with subtle paper grain, on a DEEP NAVY background. The symbol is HUGE and fills the whole vertical frame. Enclosed by a thin art-deco keyline border with small square corner ornaments on a narrow cream margin. Palette: deep navy, teal, warm gold, crimson. Vertical composition. No text, no letters, no numbers, no signature.	1
planet	eris	에리스	the planet Eris with rings and moons	Bold flat 2D emblem of the planet Eris with rings and moons. Heraldic symbol, thick clean outlines, screen-print poster art, limited flat colour palette, no realism, no photography, no soft shading, no depth of field. Decorative geometric background pattern behind the symbol: art-deco rays and a fine dot grid with subtle paper grain, on a DEEP NAVY background. The symbol is HUGE and fills the whole vertical frame. Enclosed by a thin art-deco keyline border with small square corner ornaments on a narrow cream margin. Palette: deep navy, teal, warm gold, crimson. Vertical composition. No text, no letters, no numbers, no signature.	1
spectral	familiar	사역마	a ghostly sigil of a familiar	Bold flat 2D emblem of a ghostly sigil of a familiar. Heraldic symbol, thick clean outlines, screen-print poster art, limited flat colour palette, no realism, no photography, no soft shading, no depth of field. Decorative geometric background pattern behind the symbol: art-deco rays and a fine dot grid with subtle paper grain, on a DEEP NAVY background. The symbol is HUGE and fills the whole vertical frame. Enclosed by a thin art-deco keyline border with small square corner ornaments on a narrow cream margin. Palette: deep navy, teal, warm gold, crimson. Vertical composition. No text, no letters, no numbers, no signature.	1
spectral	grim	암울	a ghostly sigil of a grim	Bold flat 2D emblem of a ghostly sigil of a grim. Heraldic symbol, thick clean outlines, screen-print poster art, limited flat colour palette, no realism, no photography, no soft shading, no depth of field. Decorative geometric background pattern behind the symbol: art-deco rays and a fine dot grid with subtle paper grain, on a DEEP NAVY background. The symbol is HUGE and fills the whole vertical frame. Enclosed by a thin art-deco keyline border with small square corner ornaments on a narrow cream margin. Palette: deep navy, teal, warm gold, crimson. Vertical composition. No text, no letters, no numbers, no signature.	1
spectral	incantation	주문	a ghostly sigil of an incantation	Bold flat 2D emblem of a ghostly sigil of an incantation. Heraldic symbol, thick clean outlines, screen-print poster art, limited flat colour palette, no realism, no photography, no soft shading, no depth of field. Decorative geometric background pattern behind the symbol: art-deco rays and a fine dot grid with subtle paper grain, on a DEEP NAVY background. The symbol is HUGE and fills the whole vertical frame. Enclosed by a thin art-deco keyline border with small square corner ornaments on a narrow cream margin. Palette: deep navy, teal, warm gold, crimson. Vertical composition. No text, no letters, no numbers, no signature.	1
spectral	talisman	부적	a ghostly sigil of a talisman	Bold flat 2D emblem of a ghostly sigil of a talisman. Heraldic symbol, thick clean outlines, screen-print poster art, limited flat colour palette, no realism, no photography, no soft shading, no depth of field. Decorative geometric background pattern behind the symbol: art-deco rays and a fine dot grid with subtle paper grain, on a DEEP NAVY background. The symbol is HUGE and fills the whole vertical frame. Enclosed by a thin art-deco keyline border with small square corner ornaments on a narrow cream margin. Palette: deep navy, teal, warm gold, crimson. Vertical composition. No text, no letters, no numbers, no signature.	1
spectral	aura	아우라	a ghostly sigil of an aura	Bold flat 2D emblem of a ghostly sigil of an aura. Heraldic symbol, thick clean outlines, screen-print poster art, limited flat colour palette, no realism, no photography, no soft shading, no depth of field. Decorative geometric background pattern behind the symbol: art-deco rays and a fine dot grid with subtle paper grain, on a DEEP NAVY background. The symbol is HUGE and fills the whole vertical frame. Enclosed by a thin art-deco keyline border with small square corner ornaments on a narrow cream margin. Palette: deep navy, teal, warm gold, crimson. Vertical composition. No text, no letters, no numbers, no signature.	1
spectral	wraith	망령	a ghostly sigil of a wraith	Bold flat 2D emblem of a ghostly sigil of a wraith. Heraldic symbol, thick clean outlines, screen-print poster art, limited flat colour palette, no realism, no photography, no soft shading, no depth of field. Decorative geometric background pattern behind the symbol: art-deco rays and a fine dot grid with subtle paper grain, on a DEEP NAVY background. The symbol is HUGE and fills the whole vertical frame. Enclosed by a thin art-deco keyline border with small square corner ornaments on a narrow cream margin. Palette: deep navy, teal, warm gold, crimson. Vertical composition. No text, no letters, no numbers, no signature.	1
spectral	sigil	상징	a ghostly sigil of a sigil	Bold flat 2D emblem of a ghostly sigil of a sigil. Heraldic symbol, thick clean outlines, screen-print poster art, limited flat colour palette, no realism, no photography, no soft shading, no depth of field. Decorative geometric background pattern behind the symbol: art-deco rays and a fine dot grid with subtle paper grain, on a DEEP NAVY background. The symbol is HUGE and fills the whole vertical frame. Enclosed by a thin art-deco keyline border with small square corner ornaments on a narrow cream margin. Palette: deep navy, teal, warm gold, crimson. Vertical composition. No text, no letters, no numbers, no signature.	1
spectral	ouija	점판	a ghostly sigil of an ouija	Bold flat 2D emblem of a ghostly sigil of an ouija. Heraldic symbol, thick clean outlines, screen-print poster art, limited flat colour palette, no realism, no photography, no soft shading, no depth of field. Decorative geometric background pattern behind the symbol: art-deco rays and a fine dot grid with subtle paper grain, on a DEEP NAVY background. The symbol is HUGE and fills the whole vertical frame. Enclosed by a thin art-deco keyline border with small square corner ornaments on a narrow cream margin. Palette: deep navy, teal, warm gold, crimson. Vertical composition. No text, no letters, no numbers, no signature.	1
spectral	ectoplasm	심령체	a ghostly sigil of an ectoplasm	Bold flat 2D emblem of a ghostly sigil of an ectoplasm. Heraldic symbol, thick clean outlines, screen-print poster art, limited flat colour palette, no realism, no photography, no soft shading, no depth of field. Decorative geometric background pattern behind the symbol: art-deco rays and a fine dot grid with subtle paper grain, on a DEEP NAVY background. The symbol is HUGE and fills the whole vertical frame. Enclosed by a thin art-deco keyline border with small square corner ornaments on a narrow cream margin. Palette: deep navy, teal, warm gold, crimson. Vertical composition. No text, no letters, no numbers, no signature.	1
spectral	immolate	화형	a ghostly sigil of an immolate	Bold flat 2D emblem of a ghostly sigil of an immolate. Heraldic symbol, thick clean outlines, screen-print poster art, limited flat colour palette, no realism, no photography, no soft shading, no depth of field. Decorative geometric background pattern behind the symbol: art-deco rays and a fine dot grid with subtle paper grain, on a DEEP NAVY background. The symbol is HUGE and fills the whole vertical frame. Enclosed by a thin art-deco keyline border with small square corner ornaments on a narrow cream margin. Palette: deep navy, teal, warm gold, crimson. Vertical composition. No text, no letters, no numbers, no signature.	1
spectral	ankh	앙크	a ghostly sigil of an ankh	Bold flat 2D emblem of a ghostly sigil of an ankh. Heraldic symbol, thick clean outlines, screen-print poster art, limited flat colour palette, no realism, no photography, no soft shading, no depth of field. Decorative geometric background pattern behind the symbol: art-deco rays and a fine dot grid with subtle paper grain, on a DEEP NAVY background. The symbol is HUGE and fills the whole vertical frame. Enclosed by a thin art-deco keyline border with small square corner ornaments on a narrow cream margin. Palette: deep navy, teal, warm gold, crimson. Vertical composition. No text, no letters, no numbers, no signature.	1
spectral	deja_vu	데자뷰	a ghostly sigil of a deja vu	Bold flat 2D emblem of a ghostly sigil of a deja vu. Heraldic symbol, thick clean outlines, screen-print poster art, limited flat colour palette, no realism, no photography, no soft shading, no depth of field. Decorative geometric background pattern behind the symbol: art-deco rays and a fine dot grid with subtle paper grain, on a DEEP NAVY background. The symbol is HUGE and fills the whole vertical frame. Enclosed by a thin art-deco keyline border with small square corner ornaments on a narrow cream margin. Palette: deep navy, teal, warm gold, crimson. Vertical composition. No text, no letters, no numbers, no signature.	1
spectral	hex	주술	a ghostly sigil of a hex	Bold flat 2D emblem of a ghostly sigil of a hex. Heraldic symbol, thick clean outlines, screen-print poster art, limited flat colour palette, no realism, no photography, no soft shading, no depth of field. Decorative geometric background pattern behind the symbol: art-deco rays and a fine dot grid with subtle paper grain, on a DEEP NAVY background. The symbol is HUGE and fills the whole vertical frame. Enclosed by a thin art-deco keyline border with small square corner ornaments on a narrow cream margin. Palette: deep navy, teal, warm gold, crimson. Vertical composition. No text, no letters, no numbers, no signature.	1
spectral	trance	최면	a ghostly sigil of a trance	Bold flat 2D emblem of a ghostly sigil of a trance. Heraldic symbol, thick clean outlines, screen-print poster art, limited flat colour palette, no realism, no photography, no soft shading, no depth of field. Decorative geometric background pattern behind the symbol: art-deco rays and a fine dot grid with subtle paper grain, on a DEEP NAVY background. The symbol is HUGE and fills the whole vertical frame. Enclosed by a thin art-deco keyline border with small square corner ornaments on a narrow cream margin. Palette: deep navy, teal, warm gold, crimson. Vertical composition. No text, no letters, no numbers, no signature.	1
spectral	medium	영매	a ghostly sigil of a medium	Bold flat 2D emblem of a ghostly sigil of a medium. Heraldic symbol, thick clean outlines, screen-print poster art, limited flat colour palette, no realism, no photography, no soft shading, no depth of field. Decorative geometric background pattern behind the symbol: art-deco rays and a fine dot grid with subtle paper grain, on a DEEP NAVY background. The symbol is HUGE and fills the whole vertical frame. Enclosed by a thin art-deco keyline border with small square corner ornaments on a narrow cream margin. Palette: deep navy, teal, warm gold, crimson. Vertical composition. No text, no letters, no numbers, no signature.	1
spectral	cryptid	괴물	a ghostly sigil of a shadowy horned beast glimpsed between trees	Bold flat 2D emblem of a ghostly sigil of a shadowy horned beast glimpsed between trees. Heraldic symbol, thick clean outlines, screen-print poster art, limited flat colour palette, no realism, no photography, no soft shading, no depth of field. Decorative geometric background pattern behind the symbol: art-deco rays and a fine dot grid with subtle paper grain, on a DEEP NAVY background. The symbol is HUGE and fills the whole vertical frame. Enclosed by a thin art-deco keyline border with small square corner ornaments on a narrow cream margin. Palette: deep navy, teal, warm gold, crimson. Vertical composition. No text, no letters, no numbers, no signature.	1
spectral	the_soul	영혼	a ghostly sigil of the soul	Bold flat 2D emblem of a ghostly sigil of the soul. Heraldic symbol, thick clean outlines, screen-print poster art, limited flat colour palette, no realism, no photography, no soft shading, no depth of field. Decorative geometric background pattern behind the symbol: art-deco rays and a fine dot grid with subtle paper grain, on a DEEP NAVY background. The symbol is HUGE and fills the whole vertical frame. Enclosed by a thin art-deco keyline border with small square corner ornaments on a narrow cream margin. Palette: deep navy, teal, warm gold, crimson. Vertical composition. No text, no letters, no numbers, no signature.	1
spectral	black_hole	블랙홀	a ghostly sigil of a black hole	Bold flat 2D emblem of a ghostly sigil of a black hole. Heraldic symbol, thick clean outlines, screen-print poster art, limited flat colour palette, no realism, no photography, no soft shading, no depth of field. Decorative geometric background pattern behind the symbol: art-deco rays and a fine dot grid with subtle paper grain, on a DEEP NAVY background. The symbol is HUGE and fills the whole vertical frame. Enclosed by a thin art-deco keyline border with small square corner ornaments on a narrow cream margin. Palette: deep navy, teal, warm gold, crimson. Vertical composition. No text, no letters, no numbers, no signature.	1
tag	uncommon	언커먼 태그	a single bold star	Bold flat 2D icon of a round POKER CHIP with a single bold star stamped in its centre. The chip is a circle with an inner ring and evenly spaced rectangular edge dashes around its rim, seen straight on, centred, filling most of the square frame. Thick clean outlines, screen-print poster art, limited flat colour palette, no realism, no photography, no gradients, no soft shading, no drop shadow. Flat DEEP NAVY background with a fine dot grid. Palette: deep navy, teal, warm gold, crimson. Square composition. No text, no letters, no numbers, no signature.	1
tag	rare	레어 태그	three stars in a row	Bold flat 2D icon of a round POKER CHIP with three stars in a row stamped in its centre. The chip is a circle with an inner ring and evenly spaced rectangular edge dashes around its rim, seen straight on, centred, filling most of the square frame. Thick clean outlines, screen-print poster art, limited flat colour palette, no realism, no photography, no gradients, no soft shading, no drop shadow. Flat DEEP NAVY background with a fine dot grid. Palette: deep navy, teal, warm gold, crimson. Square composition. No text, no letters, no numbers, no signature.	1
tag	negative	네거티브 태그	an inverted black diamond	Bold flat 2D icon of a round POKER CHIP with an inverted black diamond stamped in its centre. The chip is a circle with an inner ring and evenly spaced rectangular edge dashes around its rim, seen straight on, centred, filling most of the square frame. Thick clean outlines, screen-print poster art, limited flat colour palette, no realism, no photography, no gradients, no soft shading, no drop shadow. Flat DEEP NAVY background with a fine dot grid. Palette: deep navy, teal, warm gold, crimson. Square composition. No text, no letters, no numbers, no signature.	1
tag	foil	포일 태그	a metallic chevron	Bold flat 2D icon of a round POKER CHIP with a metallic chevron stamped in its centre. The chip is a circle with an inner ring and evenly spaced rectangular edge dashes around its rim, seen straight on, centred, filling most of the square frame. Thick clean outlines, screen-print poster art, limited flat colour palette, no realism, no photography, no gradients, no soft shading, no drop shadow. Flat DEEP NAVY background with a fine dot grid. Palette: deep navy, teal, warm gold, crimson. Square composition. No text, no letters, no numbers, no signature.	1
tag	holographic	홀로그래픽 태그	a prismatic rainbow band	Bold flat 2D icon of a round POKER CHIP with a prismatic rainbow band stamped in its centre. The chip is a circle with an inner ring and evenly spaced rectangular edge dashes around its rim, seen straight on, centred, filling most of the square frame. Thick clean outlines, screen-print poster art, limited flat colour palette, no realism, no photography, no gradients, no soft shading, no drop shadow. Flat DEEP NAVY background with a fine dot grid. Palette: deep navy, teal, warm gold, crimson. Square composition. No text, no letters, no numbers, no signature.	1
tag	polychrome	폴리크롬 태그	three overlapping colour circles	Bold flat 2D icon of a round POKER CHIP with three overlapping colour circles stamped in its centre. The chip is a circle with an inner ring and evenly spaced rectangular edge dashes around its rim, seen straight on, centred, filling most of the square frame. Thick clean outlines, screen-print poster art, limited flat colour palette, no realism, no photography, no gradients, no soft shading, no drop shadow. Flat DEEP NAVY background with a fine dot grid. Palette: deep navy, teal, warm gold, crimson. Square composition. No text, no letters, no numbers, no signature.	1
tag	investment	투자 태그	a stack of coins	Bold flat 2D icon of a round POKER CHIP with a stack of coins stamped in its centre. The chip is a circle with an inner ring and evenly spaced rectangular edge dashes around its rim, seen straight on, centred, filling most of the square frame. Thick clean outlines, screen-print poster art, limited flat colour palette, no realism, no photography, no gradients, no soft shading, no drop shadow. Flat DEEP NAVY background with a fine dot grid. Palette: deep navy, teal, warm gold, crimson. Square composition. No text, no letters, no numbers, no signature.	1
tag	voucher	바우처 태그	a folded coupon ticket	Bold flat 2D icon of a round POKER CHIP with a folded coupon ticket stamped in its centre. The chip is a circle with an inner ring and evenly spaced rectangular edge dashes around its rim, seen straight on, centred, filling most of the square frame. Thick clean outlines, screen-print poster art, limited flat colour palette, no realism, no photography, no gradients, no soft shading, no drop shadow. Flat DEEP NAVY background with a fine dot grid. Palette: deep navy, teal, warm gold, crimson. Square composition. No text, no letters, no numbers, no signature.	1
tag	boss	보스 태그	a horned crown	Bold flat 2D icon of a round POKER CHIP with a horned crown stamped in its centre. The chip is a circle with an inner ring and evenly spaced rectangular edge dashes around its rim, seen straight on, centred, filling most of the square frame. Thick clean outlines, screen-print poster art, limited flat colour palette, no realism, no photography, no gradients, no soft shading, no drop shadow. Flat DEEP NAVY background with a fine dot grid. Palette: deep navy, teal, warm gold, crimson. Square composition. No text, no letters, no numbers, no signature.	1
tag	standard	스탠다드 태그	a cluster of playing-card pips	Bold flat 2D icon of a round POKER CHIP with a cluster of playing-card pips stamped in its centre. The chip is a circle with an inner ring and evenly spaced rectangular edge dashes around its rim, seen straight on, centred, filling most of the square frame. Thick clean outlines, screen-print poster art, limited flat colour palette, no realism, no photography, no gradients, no soft shading, no drop shadow. Flat DEEP NAVY background with a fine dot grid. Palette: deep navy, teal, warm gold, crimson. Square composition. No text, no letters, no numbers, no signature.	1
tag	charm	부적 태그	a lucky horseshoe	Bold flat 2D icon of a round POKER CHIP with a lucky horseshoe stamped in its centre. The chip is a circle with an inner ring and evenly spaced rectangular edge dashes around its rim, seen straight on, centred, filling most of the square frame. Thick clean outlines, screen-print poster art, limited flat colour palette, no realism, no photography, no gradients, no soft shading, no drop shadow. Flat DEEP NAVY background with a fine dot grid. Palette: deep navy, teal, warm gold, crimson. Square composition. No text, no letters, no numbers, no signature.	1
tag	meteor	유성 태그	a falling meteor with a tail	Bold flat 2D icon of a round POKER CHIP with a falling meteor with a tail stamped in its centre. The chip is a circle with an inner ring and evenly spaced rectangular edge dashes around its rim, seen straight on, centred, filling most of the square frame. Thick clean outlines, screen-print poster art, limited flat colour palette, no realism, no photography, no gradients, no soft shading, no drop shadow. Flat DEEP NAVY background with a fine dot grid. Palette: deep navy, teal, warm gold, crimson. Square composition. No text, no letters, no numbers, no signature.	1
tag	buffoon	어릿광대 태그	a jester hat with bells	Bold flat 2D icon of a round POKER CHIP with a jester hat with bells stamped in its centre. The chip is a circle with an inner ring and evenly spaced rectangular edge dashes around its rim, seen straight on, centred, filling most of the square frame. Thick clean outlines, screen-print poster art, limited flat colour palette, no realism, no photography, no gradients, no soft shading, no drop shadow. Flat DEEP NAVY background with a fine dot grid. Palette: deep navy, teal, warm gold, crimson. Square composition. No text, no letters, no numbers, no signature.	1
tag	ethereal	무형 태그	a ghostly wisp	Bold flat 2D icon of a round POKER CHIP with a ghostly wisp stamped in its centre. The chip is a circle with an inner ring and evenly spaced rectangular edge dashes around its rim, seen straight on, centred, filling most of the square frame. Thick clean outlines, screen-print poster art, limited flat colour palette, no realism, no photography, no gradients, no soft shading, no drop shadow. Flat DEEP NAVY background with a fine dot grid. Palette: deep navy, teal, warm gold, crimson. Square composition. No text, no letters, no numbers, no signature.	1
tag	handy	손재주 태그	an open palm	Bold flat 2D icon of a round POKER CHIP with an open palm stamped in its centre. The chip is a circle with an inner ring and evenly spaced rectangular edge dashes around its rim, seen straight on, centred, filling most of the square frame. Thick clean outlines, screen-print poster art, limited flat colour palette, no realism, no photography, no gradients, no soft shading, no drop shadow. Flat DEEP NAVY background with a fine dot grid. Palette: deep navy, teal, warm gold, crimson. Square composition. No text, no letters, no numbers, no signature.	1
tag	garbage	쓰레기 태그	a crumpled ball of paper	Bold flat 2D icon of a round POKER CHIP with a crumpled ball of paper stamped in its centre. The chip is a circle with an inner ring and evenly spaced rectangular edge dashes around its rim, seen straight on, centred, filling most of the square frame. Thick clean outlines, screen-print poster art, limited flat colour palette, no realism, no photography, no gradients, no soft shading, no drop shadow. Flat DEEP NAVY background with a fine dot grid. Palette: deep navy, teal, warm gold, crimson. Square composition. No text, no letters, no numbers, no signature.	1
tag	coupon	쿠폰 태그	a ticket cut by scissors	Bold flat 2D icon of a round POKER CHIP with a ticket cut by scissors stamped in its centre. The chip is a circle with an inner ring and evenly spaced rectangular edge dashes around its rim, seen straight on, centred, filling most of the square frame. Thick clean outlines, screen-print poster art, limited flat colour palette, no realism, no photography, no gradients, no soft shading, no drop shadow. Flat DEEP NAVY background with a fine dot grid. Palette: deep navy, teal, warm gold, crimson. Square composition. No text, no letters, no numbers, no signature.	1
tag	d6	D6 태그	a six-sided die	Bold flat 2D icon of a round POKER CHIP with a six-sided die stamped in its centre. The chip is a circle with an inner ring and evenly spaced rectangular edge dashes around its rim, seen straight on, centred, filling most of the square frame. Thick clean outlines, screen-print poster art, limited flat colour palette, no realism, no photography, no gradients, no soft shading, no drop shadow. Flat DEEP NAVY background with a fine dot grid. Palette: deep navy, teal, warm gold, crimson. Square composition. No text, no letters, no numbers, no signature.	1
tag	double	더블 태그	two mirrored arrows	Bold flat 2D icon of a round POKER CHIP with two mirrored arrows stamped in its centre. The chip is a circle with an inner ring and evenly spaced rectangular edge dashes around its rim, seen straight on, centred, filling most of the square frame. Thick clean outlines, screen-print poster art, limited flat colour palette, no realism, no photography, no gradients, no soft shading, no drop shadow. Flat DEEP NAVY background with a fine dot grid. Palette: deep navy, teal, warm gold, crimson. Square composition. No text, no letters, no numbers, no signature.	1
tag	juggle	저글 태그	three juggling balls in an arc	Bold flat 2D icon of a round POKER CHIP with three juggling balls in an arc stamped in its centre. The chip is a circle with an inner ring and evenly spaced rectangular edge dashes around its rim, seen straight on, centred, filling most of the square frame. Thick clean outlines, screen-print poster art, limited flat colour palette, no realism, no photography, no gradients, no soft shading, no drop shadow. Flat DEEP NAVY background with a fine dot grid. Palette: deep navy, teal, warm gold, crimson. Square composition. No text, no letters, no numbers, no signature.	1
tag	economy	경제 태그	a rising coin graph	Bold flat 2D icon of a round POKER CHIP with a rising coin graph stamped in its centre. The chip is a circle with an inner ring and evenly spaced rectangular edge dashes around its rim, seen straight on, centred, filling most of the square frame. Thick clean outlines, screen-print poster art, limited flat colour palette, no realism, no photography, no gradients, no soft shading, no drop shadow. Flat DEEP NAVY background with a fine dot grid. Palette: deep navy, teal, warm gold, crimson. Square composition. No text, no letters, no numbers, no signature.	1
tag	speed	속도 태그	a winged boot	Bold flat 2D icon of a round POKER CHIP with a winged boot stamped in its centre. The chip is a circle with an inner ring and evenly spaced rectangular edge dashes around its rim, seen straight on, centred, filling most of the square frame. Thick clean outlines, screen-print poster art, limited flat colour palette, no realism, no photography, no gradients, no soft shading, no drop shadow. Flat DEEP NAVY background with a fine dot grid. Palette: deep navy, teal, warm gold, crimson. Square composition. No text, no letters, no numbers, no signature.	1
tag	orbital	궤도 태그	a ring orbiting a dot	Bold flat 2D icon of a round POKER CHIP with a ring orbiting a dot stamped in its centre. The chip is a circle with an inner ring and evenly spaced rectangular edge dashes around its rim, seen straight on, centred, filling most of the square frame. Thick clean outlines, screen-print poster art, limited flat colour palette, no realism, no photography, no gradients, no soft shading, no drop shadow. Flat DEEP NAVY background with a fine dot grid. Palette: deep navy, teal, warm gold, crimson. Square composition. No text, no letters, no numbers, no signature.	1
tag	topup	보충 태그	an overflowing cup	Bold flat 2D icon of a round POKER CHIP with an overflowing cup stamped in its centre. The chip is a circle with an inner ring and evenly spaced rectangular edge dashes around its rim, seen straight on, centred, filling most of the square frame. Thick clean outlines, screen-print poster art, limited flat colour palette, no realism, no photography, no gradients, no soft shading, no drop shadow. Flat DEEP NAVY background with a fine dot grid. Palette: deep navy, teal, warm gold, crimson. Square composition. No text, no letters, no numbers, no signature.	1
boss	the_hook	갈고리	a heavy curved iron hook	Bold flat 2D emblem: a round seal with a heavy curved iron hook at its centre. The symbol is LARGE and BRIGHT PALE IVORY with thick clean outlines, filling most of the disc so it reads instantly at small size. The disc is DEEP CRIMSON RED with a heavy notched rim in WARM GOLD. Seen straight on, centred, filling the square frame. Strong contrast between the pale symbol and the dark disc. Screen-print poster art, limited flat colour palette, no realism, no photography, no gradients, no soft shading, no drop shadow, no vignette. Flat BLACK background. Palette: pale ivory, warm gold, deep crimson, black. Square composition. No text, no letters, no numbers, no signature.	1
boss	the_club	클럽	a club suit symbol	Bold flat 2D emblem: a round seal with a club suit symbol at its centre. The symbol is LARGE and BRIGHT PALE IVORY with thick clean outlines, filling most of the disc so it reads instantly at small size. The disc is DEEP CRIMSON RED with a heavy notched rim in WARM GOLD. Seen straight on, centred, filling the square frame. Strong contrast between the pale symbol and the dark disc. Screen-print poster art, limited flat colour palette, no realism, no photography, no gradients, no soft shading, no drop shadow, no vignette. Flat BLACK background. Palette: pale ivory, warm gold, deep crimson, black. Square composition. No text, no letters, no numbers, no signature.	1
boss	the_psychic	심령술사	an open eye inside an open palm	Bold flat 2D emblem: a round seal with an open eye inside an open palm at its centre. The symbol is LARGE and BRIGHT PALE IVORY with thick clean outlines, filling most of the disc so it reads instantly at small size. The disc is DEEP CRIMSON RED with a heavy notched rim in WARM GOLD. Seen straight on, centred, filling the square frame. Strong contrast between the pale symbol and the dark disc. Screen-print poster art, limited flat colour palette, no realism, no photography, no gradients, no soft shading, no drop shadow, no vignette. Flat BLACK background. Palette: pale ivory, warm gold, deep crimson, black. Square composition. No text, no letters, no numbers, no signature.	1
boss	the_goad	자극	a long pointed cattle prod	Bold flat 2D emblem: a round seal with a long pointed cattle prod at its centre. The symbol is LARGE and BRIGHT PALE IVORY with thick clean outlines, filling most of the disc so it reads instantly at small size. The disc is DEEP CRIMSON RED with a heavy notched rim in WARM GOLD. Seen straight on, centred, filling the square frame. Strong contrast between the pale symbol and the dark disc. Screen-print poster art, limited flat colour palette, no realism, no photography, no gradients, no soft shading, no drop shadow, no vignette. Flat BLACK background. Palette: pale ivory, warm gold, deep crimson, black. Square composition. No text, no letters, no numbers, no signature.	1
boss	the_window	창문	a four-pane window frame	Bold flat 2D emblem: a round seal with a four-pane window frame at its centre. The symbol is LARGE and BRIGHT PALE IVORY with thick clean outlines, filling most of the disc so it reads instantly at small size. The disc is DEEP CRIMSON RED with a heavy notched rim in WARM GOLD. Seen straight on, centred, filling the square frame. Strong contrast between the pale symbol and the dark disc. Screen-print poster art, limited flat colour palette, no realism, no photography, no gradients, no soft shading, no drop shadow, no vignette. Flat BLACK background. Palette: pale ivory, warm gold, deep crimson, black. Square composition. No text, no letters, no numbers, no signature.	1
boss	the_manacle	수갑	an open iron shackle with a broken chain link	Bold flat 2D emblem: a round seal with an open iron shackle with a broken chain link at its centre. The symbol is LARGE and BRIGHT PALE IVORY with thick clean outlines, filling most of the disc so it reads instantly at small size. The disc is DEEP CRIMSON RED with a heavy notched rim in WARM GOLD. Seen straight on, centred, filling the square frame. Strong contrast between the pale symbol and the dark disc. Screen-print poster art, limited flat colour palette, no realism, no photography, no gradients, no soft shading, no drop shadow, no vignette. Flat BLACK background. Palette: pale ivory, warm gold, deep crimson, black. Square composition. No text, no letters, no numbers, no signature.	1
boss	the_pillar	기둥	a fluted stone column	Bold flat 2D emblem: a round seal with a fluted stone column at its centre. The symbol is LARGE and BRIGHT PALE IVORY with thick clean outlines, filling most of the disc so it reads instantly at small size. The disc is DEEP CRIMSON RED with a heavy notched rim in WARM GOLD. Seen straight on, centred, filling the square frame. Strong contrast between the pale symbol and the dark disc. Screen-print poster art, limited flat colour palette, no realism, no photography, no gradients, no soft shading, no drop shadow, no vignette. Flat BLACK background. Palette: pale ivory, warm gold, deep crimson, black. Square composition. No text, no letters, no numbers, no signature.	1
boss	the_head	머리	a featureless profile of a head	Bold flat 2D emblem: a round seal with a featureless profile of a head at its centre. The symbol is LARGE and BRIGHT PALE IVORY with thick clean outlines, filling most of the disc so it reads instantly at small size. The disc is DEEP CRIMSON RED with a heavy notched rim in WARM GOLD. Seen straight on, centred, filling the square frame. Strong contrast between the pale symbol and the dark disc. Screen-print poster art, limited flat colour palette, no realism, no photography, no gradients, no soft shading, no drop shadow, no vignette. Flat BLACK background. Palette: pale ivory, warm gold, deep crimson, black. Square composition. No text, no letters, no numbers, no signature.	1
boss	the_house	집	a small steep-roofed house	Bold flat 2D emblem: a round seal with a small steep-roofed house at its centre. The symbol is LARGE and BRIGHT PALE IVORY with thick clean outlines, filling most of the disc so it reads instantly at small size. The disc is DEEP CRIMSON RED with a heavy notched rim in WARM GOLD. Seen straight on, centred, filling the square frame. Strong contrast between the pale symbol and the dark disc. Screen-print poster art, limited flat colour palette, no realism, no photography, no gradients, no soft shading, no drop shadow, no vignette. Flat BLACK background. Palette: pale ivory, warm gold, deep crimson, black. Square composition. No text, no letters, no numbers, no signature.	1
boss	the_wall	벽	a section of stacked brick wall	Bold flat 2D emblem: a round seal with a section of stacked brick wall at its centre. The symbol is LARGE and BRIGHT PALE IVORY with thick clean outlines, filling most of the disc so it reads instantly at small size. The disc is DEEP CRIMSON RED with a heavy notched rim in WARM GOLD. Seen straight on, centred, filling the square frame. Strong contrast between the pale symbol and the dark disc. Screen-print poster art, limited flat colour palette, no realism, no photography, no gradients, no soft shading, no drop shadow, no vignette. Flat BLACK background. Palette: pale ivory, warm gold, deep crimson, black. Square composition. No text, no letters, no numbers, no signature.	1
boss	the_wheel	바퀴	a spoked cart wheel	Bold flat 2D emblem: a round seal with a spoked cart wheel at its centre. The symbol is LARGE and BRIGHT PALE IVORY with thick clean outlines, filling most of the disc so it reads instantly at small size. The disc is DEEP CRIMSON RED with a heavy notched rim in WARM GOLD. Seen straight on, centred, filling the square frame. Strong contrast between the pale symbol and the dark disc. Screen-print poster art, limited flat colour palette, no realism, no photography, no gradients, no soft shading, no drop shadow, no vignette. Flat BLACK background. Palette: pale ivory, warm gold, deep crimson, black. Square composition. No text, no letters, no numbers, no signature.	1
boss	the_arm	팔	a bent arm flexing	Bold flat 2D emblem: a round seal with a bent arm flexing at its centre. The symbol is LARGE and BRIGHT PALE IVORY with thick clean outlines, filling most of the disc so it reads instantly at small size. The disc is DEEP CRIMSON RED with a heavy notched rim in WARM GOLD. Seen straight on, centred, filling the square frame. Strong contrast between the pale symbol and the dark disc. Screen-print poster art, limited flat colour palette, no realism, no photography, no gradients, no soft shading, no drop shadow, no vignette. Flat BLACK background. Palette: pale ivory, warm gold, deep crimson, black. Square composition. No text, no letters, no numbers, no signature.	1
boss	the_fish	물고기	a fish seen from the side	Bold flat 2D emblem: a round seal with a fish seen from the side at its centre. The symbol is LARGE and BRIGHT PALE IVORY with thick clean outlines, filling most of the disc so it reads instantly at small size. The disc is DEEP CRIMSON RED with a heavy notched rim in WARM GOLD. Seen straight on, centred, filling the square frame. Strong contrast between the pale symbol and the dark disc. Screen-print poster art, limited flat colour palette, no realism, no photography, no gradients, no soft shading, no drop shadow, no vignette. Flat BLACK background. Palette: pale ivory, warm gold, deep crimson, black. Square composition. No text, no letters, no numbers, no signature.	1
boss	the_water	물	three stacked wave lines	Bold flat 2D emblem: a round seal with three stacked wave lines at its centre. The symbol is LARGE and BRIGHT PALE IVORY with thick clean outlines, filling most of the disc so it reads instantly at small size. The disc is DEEP CRIMSON RED with a heavy notched rim in WARM GOLD. Seen straight on, centred, filling the square frame. Strong contrast between the pale symbol and the dark disc. Screen-print poster art, limited flat colour palette, no realism, no photography, no gradients, no soft shading, no drop shadow, no vignette. Flat BLACK background. Palette: pale ivory, warm gold, deep crimson, black. Square composition. No text, no letters, no numbers, no signature.	1
boss	the_mouth	입	a closed padlock hanging from a horizontal bar	Bold flat 2D emblem: a round seal with a closed padlock hanging from a horizontal bar at its centre. The symbol is LARGE and BRIGHT PALE IVORY with thick clean outlines, filling most of the disc so it reads instantly at small size. The disc is DEEP CRIMSON RED with a heavy notched rim in WARM GOLD. Seen straight on, centred, filling the square frame. Strong contrast between the pale symbol and the dark disc. Screen-print poster art, limited flat colour palette, no realism, no photography, no gradients, no soft shading, no drop shadow, no vignette. Flat BLACK background. Palette: pale ivory, warm gold, deep crimson, black. Square composition. No text, no letters, no numbers, no signature.	1
boss	the_needle	바늘	a sewing needle with thread through its eye	Bold flat 2D emblem: a round seal with a sewing needle with thread through its eye at its centre. The symbol is LARGE and BRIGHT PALE IVORY with thick clean outlines, filling most of the disc so it reads instantly at small size. The disc is DEEP CRIMSON RED with a heavy notched rim in WARM GOLD. Seen straight on, centred, filling the square frame. Strong contrast between the pale symbol and the dark disc. Screen-print poster art, limited flat colour palette, no realism, no photography, no gradients, no soft shading, no drop shadow, no vignette. Flat BLACK background. Palette: pale ivory, warm gold, deep crimson, black. Square composition. No text, no letters, no numbers, no signature.	1
boss	the_flint	부싯돌	a triangular arrowhead with three straight spark lines above it	Bold flat 2D emblem: a round seal with a triangular arrowhead with three straight spark lines above it at its centre. The symbol is LARGE and BRIGHT PALE IVORY with thick clean outlines, filling most of the disc so it reads instantly at small size. The disc is DEEP CRIMSON RED with a heavy notched rim in WARM GOLD. Seen straight on, centred, filling the square frame. Strong contrast between the pale symbol and the dark disc. Screen-print poster art, limited flat colour palette, no realism, no photography, no gradients, no soft shading, no drop shadow, no vignette. Flat BLACK background. Palette: pale ivory, warm gold, deep crimson, black. Square composition. No text, no letters, no numbers, no signature.	1
boss	the_mark	표적	a target with crossed lines	Bold flat 2D emblem: a round seal with a target with crossed lines at its centre. The symbol is LARGE and BRIGHT PALE IVORY with thick clean outlines, filling most of the disc so it reads instantly at small size. The disc is DEEP CRIMSON RED with a heavy notched rim in WARM GOLD. Seen straight on, centred, filling the square frame. Strong contrast between the pale symbol and the dark disc. Screen-print poster art, limited flat colour palette, no realism, no photography, no gradients, no soft shading, no drop shadow, no vignette. Flat BLACK background. Palette: pale ivory, warm gold, deep crimson, black. Square composition. No text, no letters, no numbers, no signature.	1
boss	the_eye	눈	a single wide-open eye	Bold flat 2D emblem: a round seal with a single wide-open eye at its centre. The symbol is LARGE and BRIGHT PALE IVORY with thick clean outlines, filling most of the disc so it reads instantly at small size. The disc is DEEP CRIMSON RED with a heavy notched rim in WARM GOLD. Seen straight on, centred, filling the square frame. Strong contrast between the pale symbol and the dark disc. Screen-print poster art, limited flat colour palette, no realism, no photography, no gradients, no soft shading, no drop shadow, no vignette. Flat BLACK background. Palette: pale ivory, warm gold, deep crimson, black. Square composition. No text, no letters, no numbers, no signature.	1
boss	the_tooth	이빨	a single pointed tooth	Bold flat 2D emblem: a round seal with a single pointed tooth at its centre. The symbol is LARGE and BRIGHT PALE IVORY with thick clean outlines, filling most of the disc so it reads instantly at small size. The disc is DEEP CRIMSON RED with a heavy notched rim in WARM GOLD. Seen straight on, centred, filling the square frame. Strong contrast between the pale symbol and the dark disc. Screen-print poster art, limited flat colour palette, no realism, no photography, no gradients, no soft shading, no drop shadow, no vignette. Flat BLACK background. Palette: pale ivory, warm gold, deep crimson, black. Square composition. No text, no letters, no numbers, no signature.	1
boss	the_plant	초목	a sprouting seedling with two leaves	Bold flat 2D emblem: a round seal with a sprouting seedling with two leaves at its centre. The symbol is LARGE and BRIGHT PALE IVORY with thick clean outlines, filling most of the disc so it reads instantly at small size. The disc is DEEP CRIMSON RED with a heavy notched rim in WARM GOLD. Seen straight on, centred, filling the square frame. Strong contrast between the pale symbol and the dark disc. Screen-print poster art, limited flat colour palette, no realism, no photography, no gradients, no soft shading, no drop shadow, no vignette. Flat BLACK background. Palette: pale ivory, warm gold, deep crimson, black. Square composition. No text, no letters, no numbers, no signature.	1
boss	the_serpent	뱀	a coiled snake	Bold flat 2D emblem: a round seal with a coiled snake at its centre. The symbol is LARGE and BRIGHT PALE IVORY with thick clean outlines, filling most of the disc so it reads instantly at small size. The disc is DEEP CRIMSON RED with a heavy notched rim in WARM GOLD. Seen straight on, centred, filling the square frame. Strong contrast between the pale symbol and the dark disc. Screen-print poster art, limited flat colour palette, no realism, no photography, no gradients, no soft shading, no drop shadow, no vignette. Flat BLACK background. Palette: pale ivory, warm gold, deep crimson, black. Square composition. No text, no letters, no numbers, no signature.	1
boss	the_ox	황소	an ox skull with heavy horns	Bold flat 2D emblem: a round seal with an ox skull with heavy horns at its centre. The symbol is LARGE and BRIGHT PALE IVORY with thick clean outlines, filling most of the disc so it reads instantly at small size. The disc is DEEP CRIMSON RED with a heavy notched rim in WARM GOLD. Seen straight on, centred, filling the square frame. Strong contrast between the pale symbol and the dark disc. Screen-print poster art, limited flat colour palette, no realism, no photography, no gradients, no soft shading, no drop shadow, no vignette. Flat BLACK background. Palette: pale ivory, warm gold, deep crimson, black. Square composition. No text, no letters, no numbers, no signature.	1
boss	amber_acorn	호박 도토리	an oak nut sitting in its scaled cup	Bold flat 2D emblem: a round seal with an oak nut sitting in its scaled cup at its centre. The symbol is LARGE and BRIGHT PALE IVORY with thick clean outlines, filling most of the disc so it reads instantly at small size. The disc is DEEP CRIMSON RED with a heavy notched rim in WARM GOLD. Seen straight on, centred, filling the square frame. Strong contrast between the pale symbol and the dark disc. Screen-print poster art, limited flat colour palette, no realism, no photography, no gradients, no soft shading, no drop shadow, no vignette. Flat BLACK background. Palette: pale ivory, warm gold, deep crimson, black. Square composition. No text, no letters, no numbers, no signature.	1
boss	verdant_leaf	푸른 잎	a single broad leaf with veins	Bold flat 2D emblem: a round seal with a single broad leaf with veins at its centre. The symbol is LARGE and BRIGHT PALE IVORY with thick clean outlines, filling most of the disc so it reads instantly at small size. The disc is DEEP CRIMSON RED with a heavy notched rim in WARM GOLD. Seen straight on, centred, filling the square frame. Strong contrast between the pale symbol and the dark disc. Screen-print poster art, limited flat colour palette, no realism, no photography, no gradients, no soft shading, no drop shadow, no vignette. Flat BLACK background. Palette: pale ivory, warm gold, deep crimson, black. Square composition. No text, no letters, no numbers, no signature.	1
boss	violet_vessel	자주색 그릇	a wide-bellied urn with two handles	Bold flat 2D emblem: a round seal with a wide-bellied urn with two handles at its centre. The symbol is LARGE and BRIGHT PALE IVORY with thick clean outlines, filling most of the disc so it reads instantly at small size. The disc is DEEP CRIMSON RED with a heavy notched rim in WARM GOLD. Seen straight on, centred, filling the square frame. Strong contrast between the pale symbol and the dark disc. Screen-print poster art, limited flat colour palette, no realism, no photography, no gradients, no soft shading, no drop shadow, no vignette. Flat BLACK background. Palette: pale ivory, warm gold, deep crimson, black. Square composition. No text, no letters, no numbers, no signature.	1
boss	crimson_heart	진홍 심장	a heart suit symbol split by a jagged fracture line	Bold flat 2D emblem: a round seal with a heart suit symbol split by a jagged fracture line at its centre. The symbol is LARGE and BRIGHT PALE IVORY with thick clean outlines, filling most of the disc so it reads instantly at small size. The disc is DEEP CRIMSON RED with a heavy notched rim in WARM GOLD. Seen straight on, centred, filling the square frame. Strong contrast between the pale symbol and the dark disc. Screen-print poster art, limited flat colour palette, no realism, no photography, no gradients, no soft shading, no drop shadow, no vignette. Flat BLACK background. Palette: pale ivory, warm gold, deep crimson, black. Square composition. No text, no letters, no numbers, no signature.	1
boss	cerulean_bell	하늘빛 종	a hanging bell with its clapper	Bold flat 2D emblem: a round seal with a hanging bell with its clapper at its centre. The symbol is LARGE and BRIGHT PALE IVORY with thick clean outlines, filling most of the disc so it reads instantly at small size. The disc is DEEP CRIMSON RED with a heavy notched rim in WARM GOLD. Seen straight on, centred, filling the square frame. Strong contrast between the pale symbol and the dark disc. Screen-print poster art, limited flat colour palette, no realism, no photography, no gradients, no soft shading, no drop shadow, no vignette. Flat BLACK background. Palette: pale ivory, warm gold, deep crimson, black. Square composition. No text, no letters, no numbers, no signature.	1
pack	arcana	Arcana	a tarot emblem of a crescent moon crossed with a radiant sun, in deep violet, warm gold and pale ivory	Bold flat 2D illustration of a sealed foil sachet seen straight on, its top and bottom edges cut in a zig-zag serrated seal, and a tarot emblem of a crescent moon crossed with a radiant sun, in deep violet, warm gold and pale ivory filling the centre of the wrapper. The wrapper is centred and FILLS THE WHOLE TALL FRAME edge to edge with no margin. The wrapper paper is a deep saturated colour — never white, never cream, never grey. Thick clean outlines, screen-print poster art, limited flat colour palette, no realism, no photography, no gradients, no soft shading, no drop shadow, no product photo. Any area outside the wrapper is flat DEEP NAVY with a fine dot grid. The wrapper is blank apart from the symbol: nothing is written or printed on it, no label, no band, no caption, no brand mark. Portrait composition. The image contains NO TEXT WHATSOEVER — no letters, no words, no numbers, no logos, no signature.	1
pack	celestial	Celestial	a ringed planet with three small stars, in midnight blue, pale cyan and warm gold	Bold flat 2D illustration of a sealed foil sachet seen straight on, its top and bottom edges cut in a zig-zag serrated seal, and a ringed planet with three small stars, in midnight blue, pale cyan and warm gold filling the centre of the wrapper. The wrapper is centred and FILLS THE WHOLE TALL FRAME edge to edge with no margin. The wrapper paper is a deep saturated colour — never white, never cream, never grey. Thick clean outlines, screen-print poster art, limited flat colour palette, no realism, no photography, no gradients, no soft shading, no drop shadow, no product photo. Any area outside the wrapper is flat DEEP NAVY with a fine dot grid. The wrapper is blank apart from the symbol: nothing is written or printed on it, no label, no band, no caption, no brand mark. Portrait composition. The image contains NO TEXT WHATSOEVER — no letters, no words, no numbers, no logos, no signature.	1
pack	standard	Standard	the four playing-card suit symbols arranged in a diamond, in crimson, pale ivory and charcoal	Bold flat 2D illustration of a sealed foil sachet seen straight on, its top and bottom edges cut in a zig-zag serrated seal, and the four playing-card suit symbols arranged in a diamond, in crimson, pale ivory and charcoal filling the centre of the wrapper. The wrapper is centred and FILLS THE WHOLE TALL FRAME edge to edge with no margin. The wrapper paper is a deep saturated colour — never white, never cream, never grey. Thick clean outlines, screen-print poster art, limited flat colour palette, no realism, no photography, no gradients, no soft shading, no drop shadow, no product photo. Any area outside the wrapper is flat DEEP NAVY with a fine dot grid. The wrapper is blank apart from the symbol: nothing is written or printed on it, no label, no band, no caption, no brand mark. Portrait composition. The image contains NO TEXT WHATSOEVER — no letters, no words, no numbers, no logos, no signature.	1
pack	buffoon	Buffoon	a grinning jester mask with a two-pointed cap and bells, in crimson, warm gold and pale ivory	Bold flat 2D illustration of a sealed foil sachet seen straight on, its top and bottom edges cut in a zig-zag serrated seal, and a grinning jester mask with a two-pointed cap and bells, in crimson, warm gold and pale ivory filling the centre of the wrapper. The wrapper is centred and FILLS THE WHOLE TALL FRAME edge to edge with no margin. The wrapper paper is a deep saturated colour — never white, never cream, never grey. Thick clean outlines, screen-print poster art, limited flat colour palette, no realism, no photography, no gradients, no soft shading, no drop shadow, no product photo. Any area outside the wrapper is flat DEEP NAVY with a fine dot grid. The wrapper is blank apart from the symbol: nothing is written or printed on it, no label, no band, no caption, no brand mark. Portrait composition. The image contains NO TEXT WHATSOEVER — no letters, no words, no numbers, no logos, no signature.	1
pack	spectral	Spectral	a floating hooded ghost with a wisp of a tail, in pale teal, cold grey and pale ivory	Bold flat 2D illustration of a sealed foil sachet seen straight on, its top and bottom edges cut in a zig-zag serrated seal, and a floating hooded ghost with a wisp of a tail, in pale teal, cold grey and pale ivory filling the centre of the wrapper. The wrapper is centred and FILLS THE WHOLE TALL FRAME edge to edge with no margin. The wrapper paper is a deep saturated colour — never white, never cream, never grey. Thick clean outlines, screen-print poster art, limited flat colour palette, no realism, no photography, no gradients, no soft shading, no drop shadow, no product photo. Any area outside the wrapper is flat DEEP NAVY with a fine dot grid. The wrapper is blank apart from the symbol: nothing is written or printed on it, no label, no band, no caption, no brand mark. Portrait composition. The image contains NO TEXT WHATSOEVER — no letters, no words, no numbers, no logos, no signature.	1
card/baseball	club_jack	baseball club jack	a baseball player in a green uniform holding a baseball bat upright over one shoulder	Bold flat 2D illustration of a baseball player in a green uniform holding a baseball bat upright over one shoulder. Cute stylised baseball player with a round head, simple calm face and a peaked cap. Palette: warm cream, dusty navy, brick red, charcoal. Thick clean outlines, screen-print poster art, limited flat colour palette, no realism, no photography, no gradients, no soft shading, no drop shadow. Plain warm CREAM background, no border, no frame, no vignette. The character is large and fills the whole vertical frame, seen from the front, centred. Vertical composition. No text, no letters, no numbers, no signature.	1
card/baseball	club_king	baseball club king	a baseball player in a green uniform wearing a tall pointed crown	Bold flat 2D illustration of a baseball player in a green uniform wearing a tall pointed crown. Cute stylised baseball player with a round head, simple calm face and a peaked cap. Palette: warm cream, dusty navy, brick red, charcoal. Thick clean outlines, screen-print poster art, limited flat colour palette, no realism, no photography, no gradients, no soft shading, no drop shadow. Plain warm CREAM background, no border, no frame, no vignette. The character is large and fills the whole vertical frame, seen from the front, centred. Vertical composition. No text, no letters, no numbers, no signature.	1
card/baseball	club_queen	baseball club queen	a baseball player in a green uniform holding up a tall gleaming trophy cup with both hands	Bold flat 2D illustration of a baseball player in a green uniform holding up a tall gleaming trophy cup with both hands. Cute stylised baseball player with a round head, simple calm face and a peaked cap. Palette: warm cream, dusty navy, brick red, charcoal. Thick clean outlines, screen-print poster art, limited flat colour palette, no realism, no photography, no gradients, no soft shading, no drop shadow. Plain warm CREAM background, no border, no frame, no vignette. The character is large and fills the whole vertical frame, seen from the front, centred. Vertical composition. No text, no letters, no numbers, no signature.	1
card/baseball	diamond_jack	baseball diamond jack	a baseball player in a cream and gold uniform holding a baseball bat upright over one shoulder	Bold flat 2D illustration of a baseball player in a cream and gold uniform holding a baseball bat upright over one shoulder. Cute stylised baseball player with a round head, simple calm face and a peaked cap. Palette: warm cream, dusty navy, brick red, charcoal. Thick clean outlines, screen-print poster art, limited flat colour palette, no realism, no photography, no gradients, no soft shading, no drop shadow. Plain warm CREAM background, no border, no frame, no vignette. The character is large and fills the whole vertical frame, seen from the front, centred. Vertical composition. No text, no letters, no numbers, no signature.	1
card/baseball	diamond_king	baseball diamond king	a baseball player in a cream and gold uniform wearing a tall pointed crown	Bold flat 2D illustration of a baseball player in a cream and gold uniform wearing a tall pointed crown. Cute stylised baseball player with a round head, simple calm face and a peaked cap. Palette: warm cream, dusty navy, brick red, charcoal. Thick clean outlines, screen-print poster art, limited flat colour palette, no realism, no photography, no gradients, no soft shading, no drop shadow. Plain warm CREAM background, no border, no frame, no vignette. The character is large and fills the whole vertical frame, seen from the front, centred. Vertical composition. No text, no letters, no numbers, no signature.	1
card/baseball	diamond_queen	baseball diamond queen	a baseball player in a cream and gold uniform holding up a tall gleaming trophy cup with both hands	Bold flat 2D illustration of a baseball player in a cream and gold uniform holding up a tall gleaming trophy cup with both hands. Cute stylised baseball player with a round head, simple calm face and a peaked cap. Palette: warm cream, dusty navy, brick red, charcoal. Thick clean outlines, screen-print poster art, limited flat colour palette, no realism, no photography, no gradients, no soft shading, no drop shadow. Plain warm CREAM background, no border, no frame, no vignette. The character is large and fills the whole vertical frame, seen from the front, centred. Vertical composition. No text, no letters, no numbers, no signature.	1
card/baseball	heart_jack	baseball heart jack	a baseball player in a crimson uniform holding a baseball bat upright over one shoulder	Bold flat 2D illustration of a baseball player in a crimson uniform holding a baseball bat upright over one shoulder. Cute stylised baseball player with a round head, simple calm face and a peaked cap. Palette: warm cream, dusty navy, brick red, charcoal. Thick clean outlines, screen-print poster art, limited flat colour palette, no realism, no photography, no gradients, no soft shading, no drop shadow. Plain warm CREAM background, no border, no frame, no vignette. The character is large and fills the whole vertical frame, seen from the front, centred. Vertical composition. No text, no letters, no numbers, no signature.	1
card/baseball	heart_king	baseball heart king	a baseball player in a crimson uniform wearing a tall pointed crown	Bold flat 2D illustration of a baseball player in a crimson uniform wearing a tall pointed crown. Cute stylised baseball player with a round head, simple calm face and a peaked cap. Palette: warm cream, dusty navy, brick red, charcoal. Thick clean outlines, screen-print poster art, limited flat colour palette, no realism, no photography, no gradients, no soft shading, no drop shadow. Plain warm CREAM background, no border, no frame, no vignette. The character is large and fills the whole vertical frame, seen from the front, centred. Vertical composition. No text, no letters, no numbers, no signature.	1
card/baseball	heart_queen	baseball heart queen	a baseball player in a crimson uniform holding up a tall gleaming trophy cup with both hands	Bold flat 2D illustration of a baseball player in a crimson uniform holding up a tall gleaming trophy cup with both hands. Cute stylised baseball player with a round head, simple calm face and a peaked cap. Palette: warm cream, dusty navy, brick red, charcoal. Thick clean outlines, screen-print poster art, limited flat colour palette, no realism, no photography, no gradients, no soft shading, no drop shadow. Plain warm CREAM background, no border, no frame, no vignette. The character is large and fills the whole vertical frame, seen from the front, centred. Vertical composition. No text, no letters, no numbers, no signature.	1
card/baseball	spade_jack	baseball spade jack	a baseball player in a charcoal uniform holding a baseball bat upright over one shoulder	Bold flat 2D illustration of a baseball player in a charcoal uniform holding a baseball bat upright over one shoulder. Cute stylised baseball player with a round head, simple calm face and a peaked cap. Palette: warm cream, dusty navy, brick red, charcoal. Thick clean outlines, screen-print poster art, limited flat colour palette, no realism, no photography, no gradients, no soft shading, no drop shadow. Plain warm CREAM background, no border, no frame, no vignette. The character is large and fills the whole vertical frame, seen from the front, centred. Vertical composition. No text, no letters, no numbers, no signature.	1
card/baseball	spade_king	baseball spade king	a baseball player in a charcoal uniform wearing a tall pointed crown	Bold flat 2D illustration of a baseball player in a charcoal uniform wearing a tall pointed crown. Cute stylised baseball player with a round head, simple calm face and a peaked cap. Palette: warm cream, dusty navy, brick red, charcoal. Thick clean outlines, screen-print poster art, limited flat colour palette, no realism, no photography, no gradients, no soft shading, no drop shadow. Plain warm CREAM background, no border, no frame, no vignette. The character is large and fills the whole vertical frame, seen from the front, centred. Vertical composition. No text, no letters, no numbers, no signature.	1
card/baseball	spade_queen	baseball spade queen	a baseball player in a charcoal uniform holding up a tall gleaming trophy cup with both hands	Bold flat 2D illustration of a baseball player in a charcoal uniform holding up a tall gleaming trophy cup with both hands. Cute stylised baseball player with a round head, simple calm face and a peaked cap. Palette: warm cream, dusty navy, brick red, charcoal. Thick clean outlines, screen-print poster art, limited flat colour palette, no realism, no photography, no gradients, no soft shading, no drop shadow. Plain warm CREAM background, no border, no frame, no vignette. The character is large and fills the whole vertical frame, seen from the front, centred. Vertical composition. No text, no letters, no numbers, no signature.	1
card/basketball	club_jack	basketball club jack	a basketball player in a green jersey holding a basketball up on one hand	Bold flat 2D illustration of a basketball player in a green jersey holding a basketball up on one hand. Cute stylised basketball player with a round head, simple calm face and a sleeveless jersey. Palette: warm cream, burnt orange, deep teal, charcoal. Thick clean outlines, screen-print poster art, limited flat colour palette, no realism, no photography, no gradients, no soft shading, no drop shadow. Plain warm CREAM background, no border, no frame, no vignette. The character is large and fills the whole vertical frame, seen from the front, centred. Vertical composition. No text, no letters, no numbers, no signature.	1
card/basketball	club_king	basketball club king	a basketball player in a green jersey wearing a tall pointed crown	Bold flat 2D illustration of a basketball player in a green jersey wearing a tall pointed crown. Cute stylised basketball player with a round head, simple calm face and a sleeveless jersey. Palette: warm cream, burnt orange, deep teal, charcoal. Thick clean outlines, screen-print poster art, limited flat colour palette, no realism, no photography, no gradients, no soft shading, no drop shadow. Plain warm CREAM background, no border, no frame, no vignette. The character is large and fills the whole vertical frame, seen from the front, centred. Vertical composition. No text, no letters, no numbers, no signature.	1
card/basketball	club_queen	basketball club queen	a basketball player in a green jersey holding up a tall gleaming trophy cup with both hands	Bold flat 2D illustration of a basketball player in a green jersey holding up a tall gleaming trophy cup with both hands. Cute stylised basketball player with a round head, simple calm face and a sleeveless jersey. Palette: warm cream, burnt orange, deep teal, charcoal. Thick clean outlines, screen-print poster art, limited flat colour palette, no realism, no photography, no gradients, no soft shading, no drop shadow. Plain warm CREAM background, no border, no frame, no vignette. The character is large and fills the whole vertical frame, seen from the front, centred. Vertical composition. No text, no letters, no numbers, no signature.	1
card/basketball	diamond_jack	basketball diamond jack	a basketball player in a white and gold jersey holding a basketball up on one hand	Bold flat 2D illustration of a basketball player in a white and gold jersey holding a basketball up on one hand. Cute stylised basketball player with a round head, simple calm face and a sleeveless jersey. Palette: warm cream, burnt orange, deep teal, charcoal. Thick clean outlines, screen-print poster art, limited flat colour palette, no realism, no photography, no gradients, no soft shading, no drop shadow. Plain warm CREAM background, no border, no frame, no vignette. The character is large and fills the whole vertical frame, seen from the front, centred. Vertical composition. No text, no letters, no numbers, no signature.	1
card/basketball	diamond_king	basketball diamond king	a basketball player in a white and gold jersey wearing a tall pointed crown	Bold flat 2D illustration of a basketball player in a white and gold jersey wearing a tall pointed crown. Cute stylised basketball player with a round head, simple calm face and a sleeveless jersey. Palette: warm cream, burnt orange, deep teal, charcoal. Thick clean outlines, screen-print poster art, limited flat colour palette, no realism, no photography, no gradients, no soft shading, no drop shadow. Plain warm CREAM background, no border, no frame, no vignette. The character is large and fills the whole vertical frame, seen from the front, centred. Vertical composition. No text, no letters, no numbers, no signature.	1
card/basketball	diamond_queen	basketball diamond queen	a basketball player in a white and gold jersey holding up a tall gleaming trophy cup with both hands	Bold flat 2D illustration of a basketball player in a white and gold jersey holding up a tall gleaming trophy cup with both hands. Cute stylised basketball player with a round head, simple calm face and a sleeveless jersey. Palette: warm cream, burnt orange, deep teal, charcoal. Thick clean outlines, screen-print poster art, limited flat colour palette, no realism, no photography, no gradients, no soft shading, no drop shadow. Plain warm CREAM background, no border, no frame, no vignette. The character is large and fills the whole vertical frame, seen from the front, centred. Vertical composition. No text, no letters, no numbers, no signature.	1
card/basketball	heart_jack	basketball heart jack	a basketball player in a red jersey holding a basketball up on one hand	Bold flat 2D illustration of a basketball player in a red jersey holding a basketball up on one hand. Cute stylised basketball player with a round head, simple calm face and a sleeveless jersey. Palette: warm cream, burnt orange, deep teal, charcoal. Thick clean outlines, screen-print poster art, limited flat colour palette, no realism, no photography, no gradients, no soft shading, no drop shadow. Plain warm CREAM background, no border, no frame, no vignette. The character is large and fills the whole vertical frame, seen from the front, centred. Vertical composition. No text, no letters, no numbers, no signature.	1
card/basketball	heart_king	basketball heart king	a basketball player in a red jersey wearing a tall pointed crown	Bold flat 2D illustration of a basketball player in a red jersey wearing a tall pointed crown. Cute stylised basketball player with a round head, simple calm face and a sleeveless jersey. Palette: warm cream, burnt orange, deep teal, charcoal. Thick clean outlines, screen-print poster art, limited flat colour palette, no realism, no photography, no gradients, no soft shading, no drop shadow. Plain warm CREAM background, no border, no frame, no vignette. The character is large and fills the whole vertical frame, seen from the front, centred. Vertical composition. No text, no letters, no numbers, no signature.	1
card/basketball	heart_queen	basketball heart queen	a basketball player in a red jersey holding up a tall gleaming trophy cup with both hands	Bold flat 2D illustration of a basketball player in a red jersey holding up a tall gleaming trophy cup with both hands. Cute stylised basketball player with a round head, simple calm face and a sleeveless jersey. Palette: warm cream, burnt orange, deep teal, charcoal. Thick clean outlines, screen-print poster art, limited flat colour palette, no realism, no photography, no gradients, no soft shading, no drop shadow. Plain warm CREAM background, no border, no frame, no vignette. The character is large and fills the whole vertical frame, seen from the front, centred. Vertical composition. No text, no letters, no numbers, no signature.	1
card/basketball	spade_jack	basketball spade jack	a basketball player in a black jersey holding a basketball up on one hand	Bold flat 2D illustration of a basketball player in a black jersey holding a basketball up on one hand. Cute stylised basketball player with a round head, simple calm face and a sleeveless jersey. Palette: warm cream, burnt orange, deep teal, charcoal. Thick clean outlines, screen-print poster art, limited flat colour palette, no realism, no photography, no gradients, no soft shading, no drop shadow. Plain warm CREAM background, no border, no frame, no vignette. The character is large and fills the whole vertical frame, seen from the front, centred. Vertical composition. No text, no letters, no numbers, no signature.	1
card/basketball	spade_king	basketball spade king	a basketball player in a black jersey wearing a tall pointed crown	Bold flat 2D illustration of a basketball player in a black jersey wearing a tall pointed crown. Cute stylised basketball player with a round head, simple calm face and a sleeveless jersey. Palette: warm cream, burnt orange, deep teal, charcoal. Thick clean outlines, screen-print poster art, limited flat colour palette, no realism, no photography, no gradients, no soft shading, no drop shadow. Plain warm CREAM background, no border, no frame, no vignette. The character is large and fills the whole vertical frame, seen from the front, centred. Vertical composition. No text, no letters, no numbers, no signature.	1
card/basketball	spade_queen	basketball spade queen	a basketball player in a black jersey holding up a tall gleaming trophy cup with both hands	Bold flat 2D illustration of a basketball player in a black jersey holding up a tall gleaming trophy cup with both hands. Cute stylised basketball player with a round head, simple calm face and a sleeveless jersey. Palette: warm cream, burnt orange, deep teal, charcoal. Thick clean outlines, screen-print poster art, limited flat colour palette, no realism, no photography, no gradients, no soft shading, no drop shadow. Plain warm CREAM background, no border, no frame, no vignette. The character is large and fills the whole vertical frame, seen from the front, centred. Vertical composition. No text, no letters, no numbers, no signature.	1
card/blooms	club_jack	blooms club jack	a green hellebore sprite holding a slender sword upright with both hands	Bold flat 2D illustration of a green hellebore sprite holding a slender sword upright with both hands. Cute flower sprite with a blossom for a head and a slender leafy body. Palette: warm cream, rose pink, buttercup yellow, leaf green. Thick clean outlines, screen-print poster art, limited flat colour palette, no realism, no photography, no gradients, no soft shading, no drop shadow. Plain warm CREAM background, no border, no frame, no vignette. The character is large and fills the whole vertical frame, seen from the front, centred. Vertical composition. No text, no letters, no numbers, no signature.	1
card/blooms	club_king	blooms club king	a green hellebore sprite wearing a tall pointed crown	Bold flat 2D illustration of a green hellebore sprite wearing a tall pointed crown. Cute flower sprite with a blossom for a head and a slender leafy body. Palette: warm cream, rose pink, buttercup yellow, leaf green. Thick clean outlines, screen-print poster art, limited flat colour palette, no realism, no photography, no gradients, no soft shading, no drop shadow. Plain warm CREAM background, no border, no frame, no vignette. The character is large and fills the whole vertical frame, seen from the front, centred. Vertical composition. No text, no letters, no numbers, no signature.	1
card/blooms	club_queen	blooms club queen	a green hellebore sprite holding a tall goblet with both hands	Bold flat 2D illustration of a green hellebore sprite holding a tall goblet with both hands. Cute flower sprite with a blossom for a head and a slender leafy body. Palette: warm cream, rose pink, buttercup yellow, leaf green. Thick clean outlines, screen-print poster art, limited flat colour palette, no realism, no photography, no gradients, no soft shading, no drop shadow. Plain warm CREAM background, no border, no frame, no vignette. The character is large and fills the whole vertical frame, seen from the front, centred. Vertical composition. No text, no letters, no numbers, no signature.	1
card/blooms	diamond_jack	blooms diamond jack	a buttercup-yellow sprite holding a slender sword upright with both hands	Bold flat 2D illustration of a buttercup-yellow sprite holding a slender sword upright with both hands. Cute flower sprite with a blossom for a head and a slender leafy body. Palette: warm cream, rose pink, buttercup yellow, leaf green. Thick clean outlines, screen-print poster art, limited flat colour palette, no realism, no photography, no gradients, no soft shading, no drop shadow. Plain warm CREAM background, no border, no frame, no vignette. The character is large and fills the whole vertical frame, seen from the front, centred. Vertical composition. No text, no letters, no numbers, no signature.	1
card/blooms	diamond_king	blooms diamond king	a buttercup-yellow sprite wearing a tall pointed crown	Bold flat 2D illustration of a buttercup-yellow sprite wearing a tall pointed crown. Cute flower sprite with a blossom for a head and a slender leafy body. Palette: warm cream, rose pink, buttercup yellow, leaf green. Thick clean outlines, screen-print poster art, limited flat colour palette, no realism, no photography, no gradients, no soft shading, no drop shadow. Plain warm CREAM background, no border, no frame, no vignette. The character is large and fills the whole vertical frame, seen from the front, centred. Vertical composition. No text, no letters, no numbers, no signature.	1
card/blooms	diamond_queen	blooms diamond queen	a buttercup-yellow sprite holding a tall goblet with both hands	Bold flat 2D illustration of a buttercup-yellow sprite holding a tall goblet with both hands. Cute flower sprite with a blossom for a head and a slender leafy body. Palette: warm cream, rose pink, buttercup yellow, leaf green. Thick clean outlines, screen-print poster art, limited flat colour palette, no realism, no photography, no gradients, no soft shading, no drop shadow. Plain warm CREAM background, no border, no frame, no vignette. The character is large and fills the whole vertical frame, seen from the front, centred. Vertical composition. No text, no letters, no numbers, no signature.	1
card/blooms	heart_jack	blooms heart jack	a rose-pink camellia sprite holding a slender sword upright with both hands	Bold flat 2D illustration of a rose-pink camellia sprite holding a slender sword upright with both hands. Cute flower sprite with a blossom for a head and a slender leafy body. Palette: warm cream, rose pink, buttercup yellow, leaf green. Thick clean outlines, screen-print poster art, limited flat colour palette, no realism, no photography, no gradients, no soft shading, no drop shadow. Plain warm CREAM background, no border, no frame, no vignette. The character is large and fills the whole vertical frame, seen from the front, centred. Vertical composition. No text, no letters, no numbers, no signature.	1
card/blooms	heart_king	blooms heart king	a rose-pink camellia sprite wearing a tall pointed crown	Bold flat 2D illustration of a rose-pink camellia sprite wearing a tall pointed crown. Cute flower sprite with a blossom for a head and a slender leafy body. Palette: warm cream, rose pink, buttercup yellow, leaf green. Thick clean outlines, screen-print poster art, limited flat colour palette, no realism, no photography, no gradients, no soft shading, no drop shadow. Plain warm CREAM background, no border, no frame, no vignette. The character is large and fills the whole vertical frame, seen from the front, centred. Vertical composition. No text, no letters, no numbers, no signature.	1
card/blooms	heart_queen	blooms heart queen	a rose-pink camellia sprite holding a tall goblet with both hands	Bold flat 2D illustration of a rose-pink camellia sprite holding a tall goblet with both hands. Cute flower sprite with a blossom for a head and a slender leafy body. Palette: warm cream, rose pink, buttercup yellow, leaf green. Thick clean outlines, screen-print poster art, limited flat colour palette, no realism, no photography, no gradients, no soft shading, no drop shadow. Plain warm CREAM background, no border, no frame, no vignette. The character is large and fills the whole vertical frame, seen from the front, centred. Vertical composition. No text, no letters, no numbers, no signature.	1
card/blooms	spade_jack	blooms spade jack	a deep violet iris sprite holding a slender sword upright with both hands	Bold flat 2D illustration of a deep violet iris sprite holding a slender sword upright with both hands. Cute flower sprite with a blossom for a head and a slender leafy body. Palette: warm cream, rose pink, buttercup yellow, leaf green. Thick clean outlines, screen-print poster art, limited flat colour palette, no realism, no photography, no gradients, no soft shading, no drop shadow. Plain warm CREAM background, no border, no frame, no vignette. The character is large and fills the whole vertical frame, seen from the front, centred. Vertical composition. No text, no letters, no numbers, no signature.	1
card/blooms	spade_king	blooms spade king	a deep violet iris sprite wearing a tall pointed crown	Bold flat 2D illustration of a deep violet iris sprite wearing a tall pointed crown. Cute flower sprite with a blossom for a head and a slender leafy body. Palette: warm cream, rose pink, buttercup yellow, leaf green. Thick clean outlines, screen-print poster art, limited flat colour palette, no realism, no photography, no gradients, no soft shading, no drop shadow. Plain warm CREAM background, no border, no frame, no vignette. The character is large and fills the whole vertical frame, seen from the front, centred. Vertical composition. No text, no letters, no numbers, no signature.	1
card/blooms	spade_queen	blooms spade queen	a deep violet iris sprite holding a tall goblet with both hands	Bold flat 2D illustration of a deep violet iris sprite holding a tall goblet with both hands. Cute flower sprite with a blossom for a head and a slender leafy body. Palette: warm cream, rose pink, buttercup yellow, leaf green. Thick clean outlines, screen-print poster art, limited flat colour palette, no realism, no photography, no gradients, no soft shading, no drop shadow. Plain warm CREAM background, no border, no frame, no vignette. The character is large and fills the whole vertical frame, seen from the front, centred. Vertical composition. No text, no letters, no numbers, no signature.	1
card/bone_court	club_jack	bone_court club jack	a mossy green-tinted skeleton holding a slender sword upright with both hands	Bold flat 2D illustration of a mossy green-tinted skeleton holding a slender sword upright with both hands. Friendly stylised skeleton, bone-white skull with simple round eye sockets, not gory. Palette: warm cream, bone white, deep violet, charcoal. Thick clean outlines, screen-print poster art, limited flat colour palette, no realism, no photography, no gradients, no soft shading, no drop shadow. Plain warm CREAM background, no border, no frame, no vignette. The character is large and fills the whole vertical frame, seen from the front, centred. Vertical composition. No text, no letters, no numbers, no signature.	1
card/bone_court	club_king	bone_court club king	a mossy green-tinted skeleton wearing a tall pointed crown	Bold flat 2D illustration of a mossy green-tinted skeleton wearing a tall pointed crown. Friendly stylised skeleton, bone-white skull with simple round eye sockets, not gory. Palette: warm cream, bone white, deep violet, charcoal. Thick clean outlines, screen-print poster art, limited flat colour palette, no realism, no photography, no gradients, no soft shading, no drop shadow. Plain warm CREAM background, no border, no frame, no vignette. The character is large and fills the whole vertical frame, seen from the front, centred. Vertical composition. No text, no letters, no numbers, no signature.	1
card/bone_court	club_queen	bone_court club queen	a mossy green-tinted skeleton holding a tall goblet with both hands	Bold flat 2D illustration of a mossy green-tinted skeleton holding a tall goblet with both hands. Friendly stylised skeleton, bone-white skull with simple round eye sockets, not gory. Palette: warm cream, bone white, deep violet, charcoal. Thick clean outlines, screen-print poster art, limited flat colour palette, no realism, no photography, no gradients, no soft shading, no drop shadow. Plain warm CREAM background, no border, no frame, no vignette. The character is large and fills the whole vertical frame, seen from the front, centred. Vertical composition. No text, no letters, no numbers, no signature.	1
card/bone_court	diamond_jack	bone_court diamond jack	a skeleton in a gilded circlet holding a slender sword upright with both hands	Bold flat 2D illustration of a skeleton in a gilded circlet holding a slender sword upright with both hands. Friendly stylised skeleton, bone-white skull with simple round eye sockets, not gory. Palette: warm cream, bone white, deep violet, charcoal. Thick clean outlines, screen-print poster art, limited flat colour palette, no realism, no photography, no gradients, no soft shading, no drop shadow. Plain warm CREAM background, no border, no frame, no vignette. The character is large and fills the whole vertical frame, seen from the front, centred. Vertical composition. No text, no letters, no numbers, no signature.	1
card/bone_court	diamond_king	bone_court diamond king	a skeleton in a gilded circlet wearing a tall pointed crown	Bold flat 2D illustration of a skeleton in a gilded circlet wearing a tall pointed crown. Friendly stylised skeleton, bone-white skull with simple round eye sockets, not gory. Palette: warm cream, bone white, deep violet, charcoal. Thick clean outlines, screen-print poster art, limited flat colour palette, no realism, no photography, no gradients, no soft shading, no drop shadow. Plain warm CREAM background, no border, no frame, no vignette. The character is large and fills the whole vertical frame, seen from the front, centred. Vertical composition. No text, no letters, no numbers, no signature.	1
card/bone_court	diamond_queen	bone_court diamond queen	a skeleton in a gilded circlet holding a tall goblet with both hands	Bold flat 2D illustration of a skeleton in a gilded circlet holding a tall goblet with both hands. Friendly stylised skeleton, bone-white skull with simple round eye sockets, not gory. Palette: warm cream, bone white, deep violet, charcoal. Thick clean outlines, screen-print poster art, limited flat colour palette, no realism, no photography, no gradients, no soft shading, no drop shadow. Plain warm CREAM background, no border, no frame, no vignette. The character is large and fills the whole vertical frame, seen from the front, centred. Vertical composition. No text, no letters, no numbers, no signature.	1
card/bone_court	heart_jack	bone_court heart jack	a skeleton in a crimson hood holding a slender sword upright with both hands	Bold flat 2D illustration of a skeleton in a crimson hood holding a slender sword upright with both hands. Friendly stylised skeleton, bone-white skull with simple round eye sockets, not gory. Palette: warm cream, bone white, deep violet, charcoal. Thick clean outlines, screen-print poster art, limited flat colour palette, no realism, no photography, no gradients, no soft shading, no drop shadow. Plain warm CREAM background, no border, no frame, no vignette. The character is large and fills the whole vertical frame, seen from the front, centred. Vertical composition. No text, no letters, no numbers, no signature.	1
card/bone_court	heart_king	bone_court heart king	a skeleton in a crimson hood wearing a tall pointed crown	Bold flat 2D illustration of a skeleton in a crimson hood wearing a tall pointed crown. Friendly stylised skeleton, bone-white skull with simple round eye sockets, not gory. Palette: warm cream, bone white, deep violet, charcoal. Thick clean outlines, screen-print poster art, limited flat colour palette, no realism, no photography, no gradients, no soft shading, no drop shadow. Plain warm CREAM background, no border, no frame, no vignette. The character is large and fills the whole vertical frame, seen from the front, centred. Vertical composition. No text, no letters, no numbers, no signature.	1
card/bone_court	heart_queen	bone_court heart queen	a skeleton in a crimson hood holding a tall goblet with both hands	Bold flat 2D illustration of a skeleton in a crimson hood holding a tall goblet with both hands. Friendly stylised skeleton, bone-white skull with simple round eye sockets, not gory. Palette: warm cream, bone white, deep violet, charcoal. Thick clean outlines, screen-print poster art, limited flat colour palette, no realism, no photography, no gradients, no soft shading, no drop shadow. Plain warm CREAM background, no border, no frame, no vignette. The character is large and fills the whole vertical frame, seen from the front, centred. Vertical composition. No text, no letters, no numbers, no signature.	1
card/bone_court	spade_jack	bone_court spade jack	a skeleton in a black iron helm holding a slender sword upright with both hands	Bold flat 2D illustration of a skeleton in a black iron helm holding a slender sword upright with both hands. Friendly stylised skeleton, bone-white skull with simple round eye sockets, not gory. Palette: warm cream, bone white, deep violet, charcoal. Thick clean outlines, screen-print poster art, limited flat colour palette, no realism, no photography, no gradients, no soft shading, no drop shadow. Plain warm CREAM background, no border, no frame, no vignette. The character is large and fills the whole vertical frame, seen from the front, centred. Vertical composition. No text, no letters, no numbers, no signature.	1
card/bone_court	spade_king	bone_court spade king	a skeleton in a black iron helm wearing a tall pointed crown	Bold flat 2D illustration of a skeleton in a black iron helm wearing a tall pointed crown. Friendly stylised skeleton, bone-white skull with simple round eye sockets, not gory. Palette: warm cream, bone white, deep violet, charcoal. Thick clean outlines, screen-print poster art, limited flat colour palette, no realism, no photography, no gradients, no soft shading, no drop shadow. Plain warm CREAM background, no border, no frame, no vignette. The character is large and fills the whole vertical frame, seen from the front, centred. Vertical composition. No text, no letters, no numbers, no signature.	1
card/bone_court	spade_queen	bone_court spade queen	a skeleton in a black iron helm holding a tall goblet with both hands	Bold flat 2D illustration of a skeleton in a black iron helm holding a tall goblet with both hands. Friendly stylised skeleton, bone-white skull with simple round eye sockets, not gory. Palette: warm cream, bone white, deep violet, charcoal. Thick clean outlines, screen-print poster art, limited flat colour palette, no realism, no photography, no gradients, no soft shading, no drop shadow. Plain warm CREAM background, no border, no frame, no vignette. The character is large and fills the whole vertical frame, seen from the front, centred. Vertical composition. No text, no letters, no numbers, no signature.	1
card/bugs	club_jack	bugs club jack	a green praying mantis holding a slender sword upright with both hands	Bold flat 2D illustration of a green praying mantis holding a slender sword upright with both hands. Cute stylised insect character standing upright with a simple calm face. Palette: warm cream, beetle emerald, warm amber, charcoal. Thick clean outlines, screen-print poster art, limited flat colour palette, no realism, no photography, no gradients, no soft shading, no drop shadow. Plain warm CREAM background, no border, no frame, no vignette. The character is large and fills the whole vertical frame, seen from the front, centred. Vertical composition. No text, no letters, no numbers, no signature.	1
card/bugs	club_king	bugs club king	a green praying mantis wearing a tall pointed crown	Bold flat 2D illustration of a green praying mantis wearing a tall pointed crown. Cute stylised insect character standing upright with a simple calm face. Palette: warm cream, beetle emerald, warm amber, charcoal. Thick clean outlines, screen-print poster art, limited flat colour palette, no realism, no photography, no gradients, no soft shading, no drop shadow. Plain warm CREAM background, no border, no frame, no vignette. The character is large and fills the whole vertical frame, seen from the front, centred. Vertical composition. No text, no letters, no numbers, no signature.	1
card/bugs	club_queen	bugs club queen	a green praying mantis holding a tall goblet with both hands	Bold flat 2D illustration of a green praying mantis holding a tall goblet with both hands. Cute stylised insect character standing upright with a simple calm face. Palette: warm cream, beetle emerald, warm amber, charcoal. Thick clean outlines, screen-print poster art, limited flat colour palette, no realism, no photography, no gradients, no soft shading, no drop shadow. Plain warm CREAM background, no border, no frame, no vignette. The character is large and fills the whole vertical frame, seen from the front, centred. Vertical composition. No text, no letters, no numbers, no signature.	1
card/bugs	diamond_jack	bugs diamond jack	a golden honey bee holding a slender sword upright with both hands	Bold flat 2D illustration of a golden honey bee holding a slender sword upright with both hands. Cute stylised insect character standing upright with a simple calm face. Palette: warm cream, beetle emerald, warm amber, charcoal. Thick clean outlines, screen-print poster art, limited flat colour palette, no realism, no photography, no gradients, no soft shading, no drop shadow. Plain warm CREAM background, no border, no frame, no vignette. The character is large and fills the whole vertical frame, seen from the front, centred. Vertical composition. No text, no letters, no numbers, no signature.	1
card/bugs	diamond_king	bugs diamond king	a golden honey bee wearing a tall pointed crown	Bold flat 2D illustration of a golden honey bee wearing a tall pointed crown. Cute stylised insect character standing upright with a simple calm face. Palette: warm cream, beetle emerald, warm amber, charcoal. Thick clean outlines, screen-print poster art, limited flat colour palette, no realism, no photography, no gradients, no soft shading, no drop shadow. Plain warm CREAM background, no border, no frame, no vignette. The character is large and fills the whole vertical frame, seen from the front, centred. Vertical composition. No text, no letters, no numbers, no signature.	1
card/bugs	diamond_queen	bugs diamond queen	a golden honey bee holding a tall goblet with both hands	Bold flat 2D illustration of a golden honey bee holding a tall goblet with both hands. Cute stylised insect character standing upright with a simple calm face. Palette: warm cream, beetle emerald, warm amber, charcoal. Thick clean outlines, screen-print poster art, limited flat colour palette, no realism, no photography, no gradients, no soft shading, no drop shadow. Plain warm CREAM background, no border, no frame, no vignette. The character is large and fills the whole vertical frame, seen from the front, centred. Vertical composition. No text, no letters, no numbers, no signature.	1
card/bugs	heart_jack	bugs heart jack	a crimson ladybird holding a slender sword upright with both hands	Bold flat 2D illustration of a crimson ladybird holding a slender sword upright with both hands. Cute stylised insect character standing upright with a simple calm face. Palette: warm cream, beetle emerald, warm amber, charcoal. Thick clean outlines, screen-print poster art, limited flat colour palette, no realism, no photography, no gradients, no soft shading, no drop shadow. Plain warm CREAM background, no border, no frame, no vignette. The character is large and fills the whole vertical frame, seen from the front, centred. Vertical composition. No text, no letters, no numbers, no signature.	1
card/bugs	heart_king	bugs heart king	a crimson ladybird wearing a tall pointed crown	Bold flat 2D illustration of a crimson ladybird wearing a tall pointed crown. Cute stylised insect character standing upright with a simple calm face. Palette: warm cream, beetle emerald, warm amber, charcoal. Thick clean outlines, screen-print poster art, limited flat colour palette, no realism, no photography, no gradients, no soft shading, no drop shadow. Plain warm CREAM background, no border, no frame, no vignette. The character is large and fills the whole vertical frame, seen from the front, centred. Vertical composition. No text, no letters, no numbers, no signature.	1
card/bugs	heart_queen	bugs heart queen	a crimson ladybird holding a tall goblet with both hands	Bold flat 2D illustration of a crimson ladybird holding a tall goblet with both hands. Cute stylised insect character standing upright with a simple calm face. Palette: warm cream, beetle emerald, warm amber, charcoal. Thick clean outlines, screen-print poster art, limited flat colour palette, no realism, no photography, no gradients, no soft shading, no drop shadow. Plain warm CREAM background, no border, no frame, no vignette. The character is large and fills the whole vertical frame, seen from the front, centred. Vertical composition. No text, no letters, no numbers, no signature.	1
card/bugs	spade_jack	bugs spade jack	a black stag beetle holding a slender sword upright with both hands	Bold flat 2D illustration of a black stag beetle holding a slender sword upright with both hands. Cute stylised insect character standing upright with a simple calm face. Palette: warm cream, beetle emerald, warm amber, charcoal. Thick clean outlines, screen-print poster art, limited flat colour palette, no realism, no photography, no gradients, no soft shading, no drop shadow. Plain warm CREAM background, no border, no frame, no vignette. The character is large and fills the whole vertical frame, seen from the front, centred. Vertical composition. No text, no letters, no numbers, no signature.	1
card/bugs	spade_king	bugs spade king	a black stag beetle wearing a tall pointed crown	Bold flat 2D illustration of a black stag beetle wearing a tall pointed crown. Cute stylised insect character standing upright with a simple calm face. Palette: warm cream, beetle emerald, warm amber, charcoal. Thick clean outlines, screen-print poster art, limited flat colour palette, no realism, no photography, no gradients, no soft shading, no drop shadow. Plain warm CREAM background, no border, no frame, no vignette. The character is large and fills the whole vertical frame, seen from the front, centred. Vertical composition. No text, no letters, no numbers, no signature.	1
card/bugs	spade_queen	bugs spade queen	a black stag beetle holding a tall goblet with both hands	Bold flat 2D illustration of a black stag beetle holding a tall goblet with both hands. Cute stylised insect character standing upright with a simple calm face. Palette: warm cream, beetle emerald, warm amber, charcoal. Thick clean outlines, screen-print poster art, limited flat colour palette, no realism, no photography, no gradients, no soft shading, no drop shadow. Plain warm CREAM background, no border, no frame, no vignette. The character is large and fills the whole vertical frame, seen from the front, centred. Vertical composition. No text, no letters, no numbers, no signature.	1
card/cats	club_jack	cats club jack	a grey tabby cat holding a slender sword upright with both hands	Bold flat 2D illustration of a grey tabby cat holding a slender sword upright with both hands. Cute round-faced cat character with big calm eyes. Palette: warm cream, soft charcoal, dusty apricot, muted teal. Thick clean outlines, screen-print poster art, limited flat colour palette, no realism, no photography, no gradients, no soft shading, no drop shadow. Plain warm CREAM background, no border, no frame, no vignette. The character is large and fills the whole vertical frame, seen from the front, centred. Vertical composition. No text, no letters, no numbers, no signature.	1
card/cats	club_king	cats club king	a grey tabby cat wearing a tall pointed crown	Bold flat 2D illustration of a grey tabby cat wearing a tall pointed crown. Cute round-faced cat character with big calm eyes. Palette: warm cream, soft charcoal, dusty apricot, muted teal. Thick clean outlines, screen-print poster art, limited flat colour palette, no realism, no photography, no gradients, no soft shading, no drop shadow. Plain warm CREAM background, no border, no frame, no vignette. The character is large and fills the whole vertical frame, seen from the front, centred. Vertical composition. No text, no letters, no numbers, no signature.	1
card/cats	club_queen	cats club queen	a grey tabby cat holding a tall goblet with both hands	Bold flat 2D illustration of a grey tabby cat holding a tall goblet with both hands. Cute round-faced cat character with big calm eyes. Palette: warm cream, soft charcoal, dusty apricot, muted teal. Thick clean outlines, screen-print poster art, limited flat colour palette, no realism, no photography, no gradients, no soft shading, no drop shadow. Plain warm CREAM background, no border, no frame, no vignette. The character is large and fills the whole vertical frame, seen from the front, centred. Vertical composition. No text, no letters, no numbers, no signature.	1
card/cats	diamond_jack	cats diamond jack	a cream-white cat holding a slender sword upright with both hands	Bold flat 2D illustration of a cream-white cat holding a slender sword upright with both hands. Cute round-faced cat character with big calm eyes. Palette: warm cream, soft charcoal, dusty apricot, muted teal. Thick clean outlines, screen-print poster art, limited flat colour palette, no realism, no photography, no gradients, no soft shading, no drop shadow. Plain warm CREAM background, no border, no frame, no vignette. The character is large and fills the whole vertical frame, seen from the front, centred. Vertical composition. No text, no letters, no numbers, no signature.	1
card/cats	diamond_king	cats diamond king	a cream-white cat wearing a tall pointed crown	Bold flat 2D illustration of a cream-white cat wearing a tall pointed crown. Cute round-faced cat character with big calm eyes. Palette: warm cream, soft charcoal, dusty apricot, muted teal. Thick clean outlines, screen-print poster art, limited flat colour palette, no realism, no photography, no gradients, no soft shading, no drop shadow. Plain warm CREAM background, no border, no frame, no vignette. The character is large and fills the whole vertical frame, seen from the front, centred. Vertical composition. No text, no letters, no numbers, no signature.	1
card/cats	diamond_queen	cats diamond queen	a cream-white cat holding a tall goblet with both hands	Bold flat 2D illustration of a cream-white cat holding a tall goblet with both hands. Cute round-faced cat character with big calm eyes. Palette: warm cream, soft charcoal, dusty apricot, muted teal. Thick clean outlines, screen-print poster art, limited flat colour palette, no realism, no photography, no gradients, no soft shading, no drop shadow. Plain warm CREAM background, no border, no frame, no vignette. The character is large and fills the whole vertical frame, seen from the front, centred. Vertical composition. No text, no letters, no numbers, no signature.	1
card/cats	heart_jack	cats heart jack	a ginger cat holding a slender sword upright with both hands	Bold flat 2D illustration of a ginger cat holding a slender sword upright with both hands. Cute round-faced cat character with big calm eyes. Palette: warm cream, soft charcoal, dusty apricot, muted teal. Thick clean outlines, screen-print poster art, limited flat colour palette, no realism, no photography, no gradients, no soft shading, no drop shadow. Plain warm CREAM background, no border, no frame, no vignette. The character is large and fills the whole vertical frame, seen from the front, centred. Vertical composition. No text, no letters, no numbers, no signature.	1
card/cats	heart_king	cats heart king	a ginger cat wearing a tall pointed crown	Bold flat 2D illustration of a ginger cat wearing a tall pointed crown. Cute round-faced cat character with big calm eyes. Palette: warm cream, soft charcoal, dusty apricot, muted teal. Thick clean outlines, screen-print poster art, limited flat colour palette, no realism, no photography, no gradients, no soft shading, no drop shadow. Plain warm CREAM background, no border, no frame, no vignette. The character is large and fills the whole vertical frame, seen from the front, centred. Vertical composition. No text, no letters, no numbers, no signature.	1
card/cats	heart_queen	cats heart queen	a ginger cat holding a tall goblet with both hands	Bold flat 2D illustration of a ginger cat holding a tall goblet with both hands. Cute round-faced cat character with big calm eyes. Palette: warm cream, soft charcoal, dusty apricot, muted teal. Thick clean outlines, screen-print poster art, limited flat colour palette, no realism, no photography, no gradients, no soft shading, no drop shadow. Plain warm CREAM background, no border, no frame, no vignette. The character is large and fills the whole vertical frame, seen from the front, centred. Vertical composition. No text, no letters, no numbers, no signature.	1
card/cats	spade_jack	cats spade jack	a sleek black cat holding a slender sword upright with both hands	Bold flat 2D illustration of a sleek black cat holding a slender sword upright with both hands. Cute round-faced cat character with big calm eyes. Palette: warm cream, soft charcoal, dusty apricot, muted teal. Thick clean outlines, screen-print poster art, limited flat colour palette, no realism, no photography, no gradients, no soft shading, no drop shadow. Plain warm CREAM background, no border, no frame, no vignette. The character is large and fills the whole vertical frame, seen from the front, centred. Vertical composition. No text, no letters, no numbers, no signature.	1
card/cats	spade_king	cats spade king	a sleek black cat wearing a tall pointed crown	Bold flat 2D illustration of a sleek black cat wearing a tall pointed crown. Cute round-faced cat character with big calm eyes. Palette: warm cream, soft charcoal, dusty apricot, muted teal. Thick clean outlines, screen-print poster art, limited flat colour palette, no realism, no photography, no gradients, no soft shading, no drop shadow. Plain warm CREAM background, no border, no frame, no vignette. The character is large and fills the whole vertical frame, seen from the front, centred. Vertical composition. No text, no letters, no numbers, no signature.	1
card/cats	spade_queen	cats spade queen	a sleek black cat holding a tall goblet with both hands	Bold flat 2D illustration of a sleek black cat holding a tall goblet with both hands. Cute round-faced cat character with big calm eyes. Palette: warm cream, soft charcoal, dusty apricot, muted teal. Thick clean outlines, screen-print poster art, limited flat colour palette, no realism, no photography, no gradients, no soft shading, no drop shadow. Plain warm CREAM background, no border, no frame, no vignette. The character is large and fills the whole vertical frame, seen from the front, centred. Vertical composition. No text, no letters, no numbers, no signature.	1
card/dogs	club_jack	dogs club jack	a brindle-coated dog holding a slender sword upright with both hands	Bold flat 2D illustration of a brindle-coated dog holding a slender sword upright with both hands. Cute round-faced dog character with floppy ears and a calm friendly face. Palette: warm cream, warm tan, soft brown, charcoal. Thick clean outlines, screen-print poster art, limited flat colour palette, no realism, no photography, no gradients, no soft shading, no drop shadow. Plain warm CREAM background, no border, no frame, no vignette. The character is large and fills the whole vertical frame, seen from the front, centred. Vertical composition. No text, no letters, no numbers, no signature.	1
card/dogs	club_king	dogs club king	a brindle-coated dog wearing a tall pointed crown	Bold flat 2D illustration of a brindle-coated dog wearing a tall pointed crown. Cute round-faced dog character with floppy ears and a calm friendly face. Palette: warm cream, warm tan, soft brown, charcoal. Thick clean outlines, screen-print poster art, limited flat colour palette, no realism, no photography, no gradients, no soft shading, no drop shadow. Plain warm CREAM background, no border, no frame, no vignette. The character is large and fills the whole vertical frame, seen from the front, centred. Vertical composition. No text, no letters, no numbers, no signature.	1
card/dogs	club_queen	dogs club queen	a brindle-coated dog holding a tall goblet with both hands	Bold flat 2D illustration of a brindle-coated dog holding a tall goblet with both hands. Cute round-faced dog character with floppy ears and a calm friendly face. Palette: warm cream, warm tan, soft brown, charcoal. Thick clean outlines, screen-print poster art, limited flat colour palette, no realism, no photography, no gradients, no soft shading, no drop shadow. Plain warm CREAM background, no border, no frame, no vignette. The character is large and fills the whole vertical frame, seen from the front, centred. Vertical composition. No text, no letters, no numbers, no signature.	1
card/dogs	diamond_jack	dogs diamond jack	a cream-coated dog holding a slender sword upright with both hands	Bold flat 2D illustration of a cream-coated dog holding a slender sword upright with both hands. Cute round-faced dog character with floppy ears and a calm friendly face. Palette: warm cream, warm tan, soft brown, charcoal. Thick clean outlines, screen-print poster art, limited flat colour palette, no realism, no photography, no gradients, no soft shading, no drop shadow. Plain warm CREAM background, no border, no frame, no vignette. The character is large and fills the whole vertical frame, seen from the front, centred. Vertical composition. No text, no letters, no numbers, no signature.	1
card/dogs	diamond_king	dogs diamond king	a cream-coated dog wearing a tall pointed crown	Bold flat 2D illustration of a cream-coated dog wearing a tall pointed crown. Cute round-faced dog character with floppy ears and a calm friendly face. Palette: warm cream, warm tan, soft brown, charcoal. Thick clean outlines, screen-print poster art, limited flat colour palette, no realism, no photography, no gradients, no soft shading, no drop shadow. Plain warm CREAM background, no border, no frame, no vignette. The character is large and fills the whole vertical frame, seen from the front, centred. Vertical composition. No text, no letters, no numbers, no signature.	1
card/dogs	diamond_queen	dogs diamond queen	a cream-coated dog holding a tall goblet with both hands	Bold flat 2D illustration of a cream-coated dog holding a tall goblet with both hands. Cute round-faced dog character with floppy ears and a calm friendly face. Palette: warm cream, warm tan, soft brown, charcoal. Thick clean outlines, screen-print poster art, limited flat colour palette, no realism, no photography, no gradients, no soft shading, no drop shadow. Plain warm CREAM background, no border, no frame, no vignette. The character is large and fills the whole vertical frame, seen from the front, centred. Vertical composition. No text, no letters, no numbers, no signature.	1
card/dogs	heart_jack	dogs heart jack	a ginger-coated dog holding a slender sword upright with both hands	Bold flat 2D illustration of a ginger-coated dog holding a slender sword upright with both hands. Cute round-faced dog character with floppy ears and a calm friendly face. Palette: warm cream, warm tan, soft brown, charcoal. Thick clean outlines, screen-print poster art, limited flat colour palette, no realism, no photography, no gradients, no soft shading, no drop shadow. Plain warm CREAM background, no border, no frame, no vignette. The character is large and fills the whole vertical frame, seen from the front, centred. Vertical composition. No text, no letters, no numbers, no signature.	1
card/dogs	heart_king	dogs heart king	a ginger-coated dog wearing a tall pointed crown	Bold flat 2D illustration of a ginger-coated dog wearing a tall pointed crown. Cute round-faced dog character with floppy ears and a calm friendly face. Palette: warm cream, warm tan, soft brown, charcoal. Thick clean outlines, screen-print poster art, limited flat colour palette, no realism, no photography, no gradients, no soft shading, no drop shadow. Plain warm CREAM background, no border, no frame, no vignette. The character is large and fills the whole vertical frame, seen from the front, centred. Vertical composition. No text, no letters, no numbers, no signature.	1
card/dogs	heart_queen	dogs heart queen	a ginger-coated dog holding a tall goblet with both hands	Bold flat 2D illustration of a ginger-coated dog holding a tall goblet with both hands. Cute round-faced dog character with floppy ears and a calm friendly face. Palette: warm cream, warm tan, soft brown, charcoal. Thick clean outlines, screen-print poster art, limited flat colour palette, no realism, no photography, no gradients, no soft shading, no drop shadow. Plain warm CREAM background, no border, no frame, no vignette. The character is large and fills the whole vertical frame, seen from the front, centred. Vertical composition. No text, no letters, no numbers, no signature.	1
card/dogs	spade_jack	dogs spade jack	a black-coated dog holding a slender sword upright with both hands	Bold flat 2D illustration of a black-coated dog holding a slender sword upright with both hands. Cute round-faced dog character with floppy ears and a calm friendly face. Palette: warm cream, warm tan, soft brown, charcoal. Thick clean outlines, screen-print poster art, limited flat colour palette, no realism, no photography, no gradients, no soft shading, no drop shadow. Plain warm CREAM background, no border, no frame, no vignette. The character is large and fills the whole vertical frame, seen from the front, centred. Vertical composition. No text, no letters, no numbers, no signature.	1
card/dogs	spade_king	dogs spade king	a black-coated dog wearing a tall pointed crown	Bold flat 2D illustration of a black-coated dog wearing a tall pointed crown. Cute round-faced dog character with floppy ears and a calm friendly face. Palette: warm cream, warm tan, soft brown, charcoal. Thick clean outlines, screen-print poster art, limited flat colour palette, no realism, no photography, no gradients, no soft shading, no drop shadow. Plain warm CREAM background, no border, no frame, no vignette. The character is large and fills the whole vertical frame, seen from the front, centred. Vertical composition. No text, no letters, no numbers, no signature.	1
card/dogs	spade_queen	dogs spade queen	a black-coated dog holding a tall goblet with both hands	Bold flat 2D illustration of a black-coated dog holding a tall goblet with both hands. Cute round-faced dog character with floppy ears and a calm friendly face. Palette: warm cream, warm tan, soft brown, charcoal. Thick clean outlines, screen-print poster art, limited flat colour palette, no realism, no photography, no gradients, no soft shading, no drop shadow. Plain warm CREAM background, no border, no frame, no vignette. The character is large and fills the whole vertical frame, seen from the front, centred. Vertical composition. No text, no letters, no numbers, no signature.	1
card/dragons	club_jack	dragons club jack	a jade-green dragon holding a slender sword upright with both hands	Bold flat 2D illustration of a jade-green dragon holding a slender sword upright with both hands. Stylised dragon character with big eyes, short snout and small folded wings. Palette: warm cream, deep crimson, warm gold, charcoal. Thick clean outlines, screen-print poster art, limited flat colour palette, no realism, no photography, no gradients, no soft shading, no drop shadow. Plain warm CREAM background, no border, no frame, no vignette. The character is large and fills the whole vertical frame, seen from the front, centred. Vertical composition. No text, no letters, no numbers, no signature.	1
card/dragons	club_king	dragons club king	a jade-green dragon wearing a tall pointed crown	Bold flat 2D illustration of a jade-green dragon wearing a tall pointed crown. Stylised dragon character with big eyes, short snout and small folded wings. Palette: warm cream, deep crimson, warm gold, charcoal. Thick clean outlines, screen-print poster art, limited flat colour palette, no realism, no photography, no gradients, no soft shading, no drop shadow. Plain warm CREAM background, no border, no frame, no vignette. The character is large and fills the whole vertical frame, seen from the front, centred. Vertical composition. No text, no letters, no numbers, no signature.	1
card/dragons	club_queen	dragons club queen	a jade-green dragon holding a tall goblet with both hands	Bold flat 2D illustration of a jade-green dragon holding a tall goblet with both hands. Stylised dragon character with big eyes, short snout and small folded wings. Palette: warm cream, deep crimson, warm gold, charcoal. Thick clean outlines, screen-print poster art, limited flat colour palette, no realism, no photography, no gradients, no soft shading, no drop shadow. Plain warm CREAM background, no border, no frame, no vignette. The character is large and fills the whole vertical frame, seen from the front, centred. Vertical composition. No text, no letters, no numbers, no signature.	1
card/dragons	diamond_jack	dragons diamond jack	a golden dragon holding a slender sword upright with both hands	Bold flat 2D illustration of a golden dragon holding a slender sword upright with both hands. Stylised dragon character with big eyes, short snout and small folded wings. Palette: warm cream, deep crimson, warm gold, charcoal. Thick clean outlines, screen-print poster art, limited flat colour palette, no realism, no photography, no gradients, no soft shading, no drop shadow. Plain warm CREAM background, no border, no frame, no vignette. The character is large and fills the whole vertical frame, seen from the front, centred. Vertical composition. No text, no letters, no numbers, no signature.	1
card/dragons	diamond_king	dragons diamond king	a golden dragon wearing a tall pointed crown	Bold flat 2D illustration of a golden dragon wearing a tall pointed crown. Stylised dragon character with big eyes, short snout and small folded wings. Palette: warm cream, deep crimson, warm gold, charcoal. Thick clean outlines, screen-print poster art, limited flat colour palette, no realism, no photography, no gradients, no soft shading, no drop shadow. Plain warm CREAM background, no border, no frame, no vignette. The character is large and fills the whole vertical frame, seen from the front, centred. Vertical composition. No text, no letters, no numbers, no signature.	1
card/dragons	diamond_queen	dragons diamond queen	a golden dragon holding a tall goblet with both hands	Bold flat 2D illustration of a golden dragon holding a tall goblet with both hands. Stylised dragon character with big eyes, short snout and small folded wings. Palette: warm cream, deep crimson, warm gold, charcoal. Thick clean outlines, screen-print poster art, limited flat colour palette, no realism, no photography, no gradients, no soft shading, no drop shadow. Plain warm CREAM background, no border, no frame, no vignette. The character is large and fills the whole vertical frame, seen from the front, centred. Vertical composition. No text, no letters, no numbers, no signature.	1
card/dragons	heart_jack	dragons heart jack	a crimson dragon holding a slender sword upright with both hands	Bold flat 2D illustration of a crimson dragon holding a slender sword upright with both hands. Stylised dragon character with big eyes, short snout and small folded wings. Palette: warm cream, deep crimson, warm gold, charcoal. Thick clean outlines, screen-print poster art, limited flat colour palette, no realism, no photography, no gradients, no soft shading, no drop shadow. Plain warm CREAM background, no border, no frame, no vignette. The character is large and fills the whole vertical frame, seen from the front, centred. Vertical composition. No text, no letters, no numbers, no signature.	1
card/dragons	heart_king	dragons heart king	a crimson dragon wearing a tall pointed crown	Bold flat 2D illustration of a crimson dragon wearing a tall pointed crown. Stylised dragon character with big eyes, short snout and small folded wings. Palette: warm cream, deep crimson, warm gold, charcoal. Thick clean outlines, screen-print poster art, limited flat colour palette, no realism, no photography, no gradients, no soft shading, no drop shadow. Plain warm CREAM background, no border, no frame, no vignette. The character is large and fills the whole vertical frame, seen from the front, centred. Vertical composition. No text, no letters, no numbers, no signature.	1
card/dragons	heart_queen	dragons heart queen	a crimson dragon holding a tall goblet with both hands	Bold flat 2D illustration of a crimson dragon holding a tall goblet with both hands. Stylised dragon character with big eyes, short snout and small folded wings. Palette: warm cream, deep crimson, warm gold, charcoal. Thick clean outlines, screen-print poster art, limited flat colour palette, no realism, no photography, no gradients, no soft shading, no drop shadow. Plain warm CREAM background, no border, no frame, no vignette. The character is large and fills the whole vertical frame, seen from the front, centred. Vertical composition. No text, no letters, no numbers, no signature.	1
card/dragons	spade_jack	dragons spade jack	a charcoal-black dragon holding a slender sword upright with both hands	Bold flat 2D illustration of a charcoal-black dragon holding a slender sword upright with both hands. Stylised dragon character with big eyes, short snout and small folded wings. Palette: warm cream, deep crimson, warm gold, charcoal. Thick clean outlines, screen-print poster art, limited flat colour palette, no realism, no photography, no gradients, no soft shading, no drop shadow. Plain warm CREAM background, no border, no frame, no vignette. The character is large and fills the whole vertical frame, seen from the front, centred. Vertical composition. No text, no letters, no numbers, no signature.	1
card/dragons	spade_king	dragons spade king	a charcoal-black dragon wearing a tall pointed crown	Bold flat 2D illustration of a charcoal-black dragon wearing a tall pointed crown. Stylised dragon character with big eyes, short snout and small folded wings. Palette: warm cream, deep crimson, warm gold, charcoal. Thick clean outlines, screen-print poster art, limited flat colour palette, no realism, no photography, no gradients, no soft shading, no drop shadow. Plain warm CREAM background, no border, no frame, no vignette. The character is large and fills the whole vertical frame, seen from the front, centred. Vertical composition. No text, no letters, no numbers, no signature.	1
card/dragons	spade_queen	dragons spade queen	a charcoal-black dragon holding a tall goblet with both hands	Bold flat 2D illustration of a charcoal-black dragon holding a tall goblet with both hands. Stylised dragon character with big eyes, short snout and small folded wings. Palette: warm cream, deep crimson, warm gold, charcoal. Thick clean outlines, screen-print poster art, limited flat colour palette, no realism, no photography, no gradients, no soft shading, no drop shadow. Plain warm CREAM background, no border, no frame, no vignette. The character is large and fills the whole vertical frame, seen from the front, centred. Vertical composition. No text, no letters, no numbers, no signature.	1
card/forest_kin	club_jack	forest_kin club jack	a moss-green forest spirit holding a slender sword upright with both hands	Bold flat 2D illustration of a moss-green forest spirit holding a slender sword upright with both hands. Small round forest spirit with a simple calm face, soft and gentle. Palette: warm cream, misty blue-grey, pale pink, soft charcoal. Thick clean outlines, screen-print poster art, limited flat colour palette, no realism, no photography, no gradients, no soft shading, no drop shadow. Plain warm CREAM background, no border, no frame, no vignette. The character is large and fills the whole vertical frame, seen from the front, centred. Vertical composition. No text, no letters, no numbers, no signature.	1
card/forest_kin	club_king	forest_kin club king	a moss-green forest spirit wearing a tall pointed crown	Bold flat 2D illustration of a moss-green forest spirit wearing a tall pointed crown. Small round forest spirit with a simple calm face, soft and gentle. Palette: warm cream, misty blue-grey, pale pink, soft charcoal. Thick clean outlines, screen-print poster art, limited flat colour palette, no realism, no photography, no gradients, no soft shading, no drop shadow. Plain warm CREAM background, no border, no frame, no vignette. The character is large and fills the whole vertical frame, seen from the front, centred. Vertical composition. No text, no letters, no numbers, no signature.	1
card/forest_kin	club_queen	forest_kin club queen	a moss-green forest spirit holding a tall goblet with both hands	Bold flat 2D illustration of a moss-green forest spirit holding a tall goblet with both hands. Small round forest spirit with a simple calm face, soft and gentle. Palette: warm cream, misty blue-grey, pale pink, soft charcoal. Thick clean outlines, screen-print poster art, limited flat colour palette, no realism, no photography, no gradients, no soft shading, no drop shadow. Plain warm CREAM background, no border, no frame, no vignette. The character is large and fills the whole vertical frame, seen from the front, centred. Vertical composition. No text, no letters, no numbers, no signature.	1
card/forest_kin	diamond_jack	forest_kin diamond jack	a pale cream forest spirit holding a slender sword upright with both hands	Bold flat 2D illustration of a pale cream forest spirit holding a slender sword upright with both hands. Small round forest spirit with a simple calm face, soft and gentle. Palette: warm cream, misty blue-grey, pale pink, soft charcoal. Thick clean outlines, screen-print poster art, limited flat colour palette, no realism, no photography, no gradients, no soft shading, no drop shadow. Plain warm CREAM background, no border, no frame, no vignette. The character is large and fills the whole vertical frame, seen from the front, centred. Vertical composition. No text, no letters, no numbers, no signature.	1
card/forest_kin	diamond_king	forest_kin diamond king	a pale cream forest spirit wearing a tall pointed crown	Bold flat 2D illustration of a pale cream forest spirit wearing a tall pointed crown. Small round forest spirit with a simple calm face, soft and gentle. Palette: warm cream, misty blue-grey, pale pink, soft charcoal. Thick clean outlines, screen-print poster art, limited flat colour palette, no realism, no photography, no gradients, no soft shading, no drop shadow. Plain warm CREAM background, no border, no frame, no vignette. The character is large and fills the whole vertical frame, seen from the front, centred. Vertical composition. No text, no letters, no numbers, no signature.	1
card/forest_kin	diamond_queen	forest_kin diamond queen	a pale cream forest spirit holding a tall goblet with both hands	Bold flat 2D illustration of a pale cream forest spirit holding a tall goblet with both hands. Small round forest spirit with a simple calm face, soft and gentle. Palette: warm cream, misty blue-grey, pale pink, soft charcoal. Thick clean outlines, screen-print poster art, limited flat colour palette, no realism, no photography, no gradients, no soft shading, no drop shadow. Plain warm CREAM background, no border, no frame, no vignette. The character is large and fills the whole vertical frame, seen from the front, centred. Vertical composition. No text, no letters, no numbers, no signature.	1
card/forest_kin	heart_jack	forest_kin heart jack	a blush-pink forest spirit holding a slender sword upright with both hands	Bold flat 2D illustration of a blush-pink forest spirit holding a slender sword upright with both hands. Small round forest spirit with a simple calm face, soft and gentle. Palette: warm cream, misty blue-grey, pale pink, soft charcoal. Thick clean outlines, screen-print poster art, limited flat colour palette, no realism, no photography, no gradients, no soft shading, no drop shadow. Plain warm CREAM background, no border, no frame, no vignette. The character is large and fills the whole vertical frame, seen from the front, centred. Vertical composition. No text, no letters, no numbers, no signature.	1
card/forest_kin	heart_king	forest_kin heart king	a blush-pink forest spirit wearing a tall pointed crown	Bold flat 2D illustration of a blush-pink forest spirit wearing a tall pointed crown. Small round forest spirit with a simple calm face, soft and gentle. Palette: warm cream, misty blue-grey, pale pink, soft charcoal. Thick clean outlines, screen-print poster art, limited flat colour palette, no realism, no photography, no gradients, no soft shading, no drop shadow. Plain warm CREAM background, no border, no frame, no vignette. The character is large and fills the whole vertical frame, seen from the front, centred. Vertical composition. No text, no letters, no numbers, no signature.	1
card/forest_kin	heart_queen	forest_kin heart queen	a blush-pink forest spirit holding a tall goblet with both hands	Bold flat 2D illustration of a blush-pink forest spirit holding a tall goblet with both hands. Small round forest spirit with a simple calm face, soft and gentle. Palette: warm cream, misty blue-grey, pale pink, soft charcoal. Thick clean outlines, screen-print poster art, limited flat colour palette, no realism, no photography, no gradients, no soft shading, no drop shadow. Plain warm CREAM background, no border, no frame, no vignette. The character is large and fills the whole vertical frame, seen from the front, centred. Vertical composition. No text, no letters, no numbers, no signature.	1
card/forest_kin	spade_jack	forest_kin spade jack	a slate-grey forest spirit holding a slender sword upright with both hands	Bold flat 2D illustration of a slate-grey forest spirit holding a slender sword upright with both hands. Small round forest spirit with a simple calm face, soft and gentle. Palette: warm cream, misty blue-grey, pale pink, soft charcoal. Thick clean outlines, screen-print poster art, limited flat colour palette, no realism, no photography, no gradients, no soft shading, no drop shadow. Plain warm CREAM background, no border, no frame, no vignette. The character is large and fills the whole vertical frame, seen from the front, centred. Vertical composition. No text, no letters, no numbers, no signature.	1
card/forest_kin	spade_king	forest_kin spade king	a slate-grey forest spirit wearing a tall pointed crown	Bold flat 2D illustration of a slate-grey forest spirit wearing a tall pointed crown. Small round forest spirit with a simple calm face, soft and gentle. Palette: warm cream, misty blue-grey, pale pink, soft charcoal. Thick clean outlines, screen-print poster art, limited flat colour palette, no realism, no photography, no gradients, no soft shading, no drop shadow. Plain warm CREAM background, no border, no frame, no vignette. The character is large and fills the whole vertical frame, seen from the front, centred. Vertical composition. No text, no letters, no numbers, no signature.	1
card/forest_kin	spade_queen	forest_kin spade queen	a slate-grey forest spirit holding a tall goblet with both hands	Bold flat 2D illustration of a slate-grey forest spirit holding a tall goblet with both hands. Small round forest spirit with a simple calm face, soft and gentle. Palette: warm cream, misty blue-grey, pale pink, soft charcoal. Thick clean outlines, screen-print poster art, limited flat colour palette, no realism, no photography, no gradients, no soft shading, no drop shadow. Plain warm CREAM background, no border, no frame, no vignette. The character is large and fills the whole vertical frame, seen from the front, centred. Vertical composition. No text, no letters, no numbers, no signature.	1
card/geckos	club_jack	geckos club jack	a leaf-green gecko holding a slender sword upright with both hands	Bold flat 2D illustration of a leaf-green gecko holding a slender sword upright with both hands. Cute round-eyed gecko character with soft toe pads. Palette: warm cream, leaf green, deep teal, sand ochre. Thick clean outlines, screen-print poster art, limited flat colour palette, no realism, no photography, no gradients, no soft shading, no drop shadow. Plain warm CREAM background, no border, no frame, no vignette. The character is large and fills the whole vertical frame, seen from the front, centred. Vertical composition. No text, no letters, no numbers, no signature.	1
card/geckos	club_king	geckos club king	a leaf-green gecko wearing a tall pointed crown	Bold flat 2D illustration of a leaf-green gecko wearing a tall pointed crown. Cute round-eyed gecko character with soft toe pads. Palette: warm cream, leaf green, deep teal, sand ochre. Thick clean outlines, screen-print poster art, limited flat colour palette, no realism, no photography, no gradients, no soft shading, no drop shadow. Plain warm CREAM background, no border, no frame, no vignette. The character is large and fills the whole vertical frame, seen from the front, centred. Vertical composition. No text, no letters, no numbers, no signature.	1
card/geckos	club_queen	geckos club queen	a leaf-green gecko holding a tall goblet with both hands	Bold flat 2D illustration of a leaf-green gecko holding a tall goblet with both hands. Cute round-eyed gecko character with soft toe pads. Palette: warm cream, leaf green, deep teal, sand ochre. Thick clean outlines, screen-print poster art, limited flat colour palette, no realism, no photography, no gradients, no soft shading, no drop shadow. Plain warm CREAM background, no border, no frame, no vignette. The character is large and fills the whole vertical frame, seen from the front, centred. Vertical composition. No text, no letters, no numbers, no signature.	1
card/geckos	diamond_jack	geckos diamond jack	a pale gold gecko holding a slender sword upright with both hands	Bold flat 2D illustration of a pale gold gecko holding a slender sword upright with both hands. Cute round-eyed gecko character with soft toe pads. Palette: warm cream, leaf green, deep teal, sand ochre. Thick clean outlines, screen-print poster art, limited flat colour palette, no realism, no photography, no gradients, no soft shading, no drop shadow. Plain warm CREAM background, no border, no frame, no vignette. The character is large and fills the whole vertical frame, seen from the front, centred. Vertical composition. No text, no letters, no numbers, no signature.	1
card/geckos	diamond_king	geckos diamond king	a pale gold gecko wearing a tall pointed crown	Bold flat 2D illustration of a pale gold gecko wearing a tall pointed crown. Cute round-eyed gecko character with soft toe pads. Palette: warm cream, leaf green, deep teal, sand ochre. Thick clean outlines, screen-print poster art, limited flat colour palette, no realism, no photography, no gradients, no soft shading, no drop shadow. Plain warm CREAM background, no border, no frame, no vignette. The character is large and fills the whole vertical frame, seen from the front, centred. Vertical composition. No text, no letters, no numbers, no signature.	1
card/geckos	diamond_queen	geckos diamond queen	a pale gold gecko holding a tall goblet with both hands	Bold flat 2D illustration of a pale gold gecko holding a tall goblet with both hands. Cute round-eyed gecko character with soft toe pads. Palette: warm cream, leaf green, deep teal, sand ochre. Thick clean outlines, screen-print poster art, limited flat colour palette, no realism, no photography, no gradients, no soft shading, no drop shadow. Plain warm CREAM background, no border, no frame, no vignette. The character is large and fills the whole vertical frame, seen from the front, centred. Vertical composition. No text, no letters, no numbers, no signature.	1
card/geckos	heart_jack	geckos heart jack	a coral-red gecko holding a slender sword upright with both hands	Bold flat 2D illustration of a coral-red gecko holding a slender sword upright with both hands. Cute round-eyed gecko character with soft toe pads. Palette: warm cream, leaf green, deep teal, sand ochre. Thick clean outlines, screen-print poster art, limited flat colour palette, no realism, no photography, no gradients, no soft shading, no drop shadow. Plain warm CREAM background, no border, no frame, no vignette. The character is large and fills the whole vertical frame, seen from the front, centred. Vertical composition. No text, no letters, no numbers, no signature.	1
card/geckos	heart_king	geckos heart king	a coral-red gecko wearing a tall pointed crown	Bold flat 2D illustration of a coral-red gecko wearing a tall pointed crown. Cute round-eyed gecko character with soft toe pads. Palette: warm cream, leaf green, deep teal, sand ochre. Thick clean outlines, screen-print poster art, limited flat colour palette, no realism, no photography, no gradients, no soft shading, no drop shadow. Plain warm CREAM background, no border, no frame, no vignette. The character is large and fills the whole vertical frame, seen from the front, centred. Vertical composition. No text, no letters, no numbers, no signature.	1
card/geckos	heart_queen	geckos heart queen	a coral-red gecko holding a tall goblet with both hands	Bold flat 2D illustration of a coral-red gecko holding a tall goblet with both hands. Cute round-eyed gecko character with soft toe pads. Palette: warm cream, leaf green, deep teal, sand ochre. Thick clean outlines, screen-print poster art, limited flat colour palette, no realism, no photography, no gradients, no soft shading, no drop shadow. Plain warm CREAM background, no border, no frame, no vignette. The character is large and fills the whole vertical frame, seen from the front, centred. Vertical composition. No text, no letters, no numbers, no signature.	1
card/geckos	spade_jack	geckos spade jack	a charcoal gecko holding a slender sword upright with both hands	Bold flat 2D illustration of a charcoal gecko holding a slender sword upright with both hands. Cute round-eyed gecko character with soft toe pads. Palette: warm cream, leaf green, deep teal, sand ochre. Thick clean outlines, screen-print poster art, limited flat colour palette, no realism, no photography, no gradients, no soft shading, no drop shadow. Plain warm CREAM background, no border, no frame, no vignette. The character is large and fills the whole vertical frame, seen from the front, centred. Vertical composition. No text, no letters, no numbers, no signature.	1
card/geckos	spade_king	geckos spade king	a charcoal gecko wearing a tall pointed crown	Bold flat 2D illustration of a charcoal gecko wearing a tall pointed crown. Cute round-eyed gecko character with soft toe pads. Palette: warm cream, leaf green, deep teal, sand ochre. Thick clean outlines, screen-print poster art, limited flat colour palette, no realism, no photography, no gradients, no soft shading, no drop shadow. Plain warm CREAM background, no border, no frame, no vignette. The character is large and fills the whole vertical frame, seen from the front, centred. Vertical composition. No text, no letters, no numbers, no signature.	1
card/geckos	spade_queen	geckos spade queen	a charcoal gecko holding a tall goblet with both hands	Bold flat 2D illustration of a charcoal gecko holding a tall goblet with both hands. Cute round-eyed gecko character with soft toe pads. Palette: warm cream, leaf green, deep teal, sand ochre. Thick clean outlines, screen-print poster art, limited flat colour palette, no realism, no photography, no gradients, no soft shading, no drop shadow. Plain warm CREAM background, no border, no frame, no vignette. The character is large and fills the whole vertical frame, seen from the front, centred. Vertical composition. No text, no letters, no numbers, no signature.	1
card/otters	club_jack	otters club jack	a moss-brown otter holding a slender sword upright with both hands	Bold flat 2D illustration of a moss-brown otter holding a slender sword upright with both hands. Cute round-faced otter character with whiskers and small round ears. Palette: warm cream, river brown, slate blue, sage green. Thick clean outlines, screen-print poster art, limited flat colour palette, no realism, no photography, no gradients, no soft shading, no drop shadow. Plain warm CREAM background, no border, no frame, no vignette. The character is large and fills the whole vertical frame, seen from the front, centred. Vertical composition. No text, no letters, no numbers, no signature.	1
card/otters	club_king	otters club king	a moss-brown otter wearing a tall pointed crown	Bold flat 2D illustration of a moss-brown otter wearing a tall pointed crown. Cute round-faced otter character with whiskers and small round ears. Palette: warm cream, river brown, slate blue, sage green. Thick clean outlines, screen-print poster art, limited flat colour palette, no realism, no photography, no gradients, no soft shading, no drop shadow. Plain warm CREAM background, no border, no frame, no vignette. The character is large and fills the whole vertical frame, seen from the front, centred. Vertical composition. No text, no letters, no numbers, no signature.	1
card/otters	club_queen	otters club queen	a moss-brown otter holding a tall goblet with both hands	Bold flat 2D illustration of a moss-brown otter holding a tall goblet with both hands. Cute round-faced otter character with whiskers and small round ears. Palette: warm cream, river brown, slate blue, sage green. Thick clean outlines, screen-print poster art, limited flat colour palette, no realism, no photography, no gradients, no soft shading, no drop shadow. Plain warm CREAM background, no border, no frame, no vignette. The character is large and fills the whole vertical frame, seen from the front, centred. Vertical composition. No text, no letters, no numbers, no signature.	1
card/otters	diamond_jack	otters diamond jack	a pale sandy otter holding a slender sword upright with both hands	Bold flat 2D illustration of a pale sandy otter holding a slender sword upright with both hands. Cute round-faced otter character with whiskers and small round ears. Palette: warm cream, river brown, slate blue, sage green. Thick clean outlines, screen-print poster art, limited flat colour palette, no realism, no photography, no gradients, no soft shading, no drop shadow. Plain warm CREAM background, no border, no frame, no vignette. The character is large and fills the whole vertical frame, seen from the front, centred. Vertical composition. No text, no letters, no numbers, no signature.	1
card/otters	diamond_king	otters diamond king	a pale sandy otter wearing a tall pointed crown	Bold flat 2D illustration of a pale sandy otter wearing a tall pointed crown. Cute round-faced otter character with whiskers and small round ears. Palette: warm cream, river brown, slate blue, sage green. Thick clean outlines, screen-print poster art, limited flat colour palette, no realism, no photography, no gradients, no soft shading, no drop shadow. Plain warm CREAM background, no border, no frame, no vignette. The character is large and fills the whole vertical frame, seen from the front, centred. Vertical composition. No text, no letters, no numbers, no signature.	1
card/otters	diamond_queen	otters diamond queen	a pale sandy otter holding a tall goblet with both hands	Bold flat 2D illustration of a pale sandy otter holding a tall goblet with both hands. Cute round-faced otter character with whiskers and small round ears. Palette: warm cream, river brown, slate blue, sage green. Thick clean outlines, screen-print poster art, limited flat colour palette, no realism, no photography, no gradients, no soft shading, no drop shadow. Plain warm CREAM background, no border, no frame, no vignette. The character is large and fills the whole vertical frame, seen from the front, centred. Vertical composition. No text, no letters, no numbers, no signature.	1
card/otters	heart_jack	otters heart jack	a russet-furred otter holding a slender sword upright with both hands	Bold flat 2D illustration of a russet-furred otter holding a slender sword upright with both hands. Cute round-faced otter character with whiskers and small round ears. Palette: warm cream, river brown, slate blue, sage green. Thick clean outlines, screen-print poster art, limited flat colour palette, no realism, no photography, no gradients, no soft shading, no drop shadow. Plain warm CREAM background, no border, no frame, no vignette. The character is large and fills the whole vertical frame, seen from the front, centred. Vertical composition. No text, no letters, no numbers, no signature.	1
card/otters	heart_king	otters heart king	a russet-furred otter wearing a tall pointed crown	Bold flat 2D illustration of a russet-furred otter wearing a tall pointed crown. Cute round-faced otter character with whiskers and small round ears. Palette: warm cream, river brown, slate blue, sage green. Thick clean outlines, screen-print poster art, limited flat colour palette, no realism, no photography, no gradients, no soft shading, no drop shadow. Plain warm CREAM background, no border, no frame, no vignette. The character is large and fills the whole vertical frame, seen from the front, centred. Vertical composition. No text, no letters, no numbers, no signature.	1
card/otters	heart_queen	otters heart queen	a russet-furred otter holding a tall goblet with both hands	Bold flat 2D illustration of a russet-furred otter holding a tall goblet with both hands. Cute round-faced otter character with whiskers and small round ears. Palette: warm cream, river brown, slate blue, sage green. Thick clean outlines, screen-print poster art, limited flat colour palette, no realism, no photography, no gradients, no soft shading, no drop shadow. Plain warm CREAM background, no border, no frame, no vignette. The character is large and fills the whole vertical frame, seen from the front, centred. Vertical composition. No text, no letters, no numbers, no signature.	1
card/otters	spade_jack	otters spade jack	a dark-furred otter holding a slender sword upright with both hands	Bold flat 2D illustration of a dark-furred otter holding a slender sword upright with both hands. Cute round-faced otter character with whiskers and small round ears. Palette: warm cream, river brown, slate blue, sage green. Thick clean outlines, screen-print poster art, limited flat colour palette, no realism, no photography, no gradients, no soft shading, no drop shadow. Plain warm CREAM background, no border, no frame, no vignette. The character is large and fills the whole vertical frame, seen from the front, centred. Vertical composition. No text, no letters, no numbers, no signature.	1
card/otters	spade_king	otters spade king	a dark-furred otter wearing a tall pointed crown	Bold flat 2D illustration of a dark-furred otter wearing a tall pointed crown. Cute round-faced otter character with whiskers and small round ears. Palette: warm cream, river brown, slate blue, sage green. Thick clean outlines, screen-print poster art, limited flat colour palette, no realism, no photography, no gradients, no soft shading, no drop shadow. Plain warm CREAM background, no border, no frame, no vignette. The character is large and fills the whole vertical frame, seen from the front, centred. Vertical composition. No text, no letters, no numbers, no signature.	1
card/otters	spade_queen	otters spade queen	a dark-furred otter holding a tall goblet with both hands	Bold flat 2D illustration of a dark-furred otter holding a tall goblet with both hands. Cute round-faced otter character with whiskers and small round ears. Palette: warm cream, river brown, slate blue, sage green. Thick clean outlines, screen-print poster art, limited flat colour palette, no realism, no photography, no gradients, no soft shading, no drop shadow. Plain warm CREAM background, no border, no frame, no vignette. The character is large and fills the whole vertical frame, seen from the front, centred. Vertical composition. No text, no letters, no numbers, no signature.	1
card/soccer	club_jack	soccer club jack	a football player in a green kit resting one foot on a football	Bold flat 2D illustration of a football player in a green kit resting one foot on a football. Cute stylised football player with a round head, simple calm face and a striped jersey. Palette: warm cream, grass green, royal blue, charcoal. Thick clean outlines, screen-print poster art, limited flat colour palette, no realism, no photography, no gradients, no soft shading, no drop shadow. Plain warm CREAM background, no border, no frame, no vignette. The character is large and fills the whole vertical frame, seen from the front, centred. Vertical composition. No text, no letters, no numbers, no signature.	1
card/soccer	club_king	soccer club king	a football player in a green kit wearing a tall pointed crown	Bold flat 2D illustration of a football player in a green kit wearing a tall pointed crown. Cute stylised football player with a round head, simple calm face and a striped jersey. Palette: warm cream, grass green, royal blue, charcoal. Thick clean outlines, screen-print poster art, limited flat colour palette, no realism, no photography, no gradients, no soft shading, no drop shadow. Plain warm CREAM background, no border, no frame, no vignette. The character is large and fills the whole vertical frame, seen from the front, centred. Vertical composition. No text, no letters, no numbers, no signature.	1
card/soccer	club_queen	soccer club queen	a football player in a green kit holding up a tall gleaming trophy cup with both hands	Bold flat 2D illustration of a football player in a green kit holding up a tall gleaming trophy cup with both hands. Cute stylised football player with a round head, simple calm face and a striped jersey. Palette: warm cream, grass green, royal blue, charcoal. Thick clean outlines, screen-print poster art, limited flat colour palette, no realism, no photography, no gradients, no soft shading, no drop shadow. Plain warm CREAM background, no border, no frame, no vignette. The character is large and fills the whole vertical frame, seen from the front, centred. Vertical composition. No text, no letters, no numbers, no signature.	1
card/soccer	diamond_jack	soccer diamond jack	a football player in a white and gold kit resting one foot on a football	Bold flat 2D illustration of a football player in a white and gold kit resting one foot on a football. Cute stylised football player with a round head, simple calm face and a striped jersey. Palette: warm cream, grass green, royal blue, charcoal. Thick clean outlines, screen-print poster art, limited flat colour palette, no realism, no photography, no gradients, no soft shading, no drop shadow. Plain warm CREAM background, no border, no frame, no vignette. The character is large and fills the whole vertical frame, seen from the front, centred. Vertical composition. No text, no letters, no numbers, no signature.	1
card/soccer	diamond_king	soccer diamond king	a football player in a white and gold kit wearing a tall pointed crown	Bold flat 2D illustration of a football player in a white and gold kit wearing a tall pointed crown. Cute stylised football player with a round head, simple calm face and a striped jersey. Palette: warm cream, grass green, royal blue, charcoal. Thick clean outlines, screen-print poster art, limited flat colour palette, no realism, no photography, no gradients, no soft shading, no drop shadow. Plain warm CREAM background, no border, no frame, no vignette. The character is large and fills the whole vertical frame, seen from the front, centred. Vertical composition. No text, no letters, no numbers, no signature.	1
card/soccer	diamond_queen	soccer diamond queen	a football player in a white and gold kit holding up a tall gleaming trophy cup with both hands	Bold flat 2D illustration of a football player in a white and gold kit holding up a tall gleaming trophy cup with both hands. Cute stylised football player with a round head, simple calm face and a striped jersey. Palette: warm cream, grass green, royal blue, charcoal. Thick clean outlines, screen-print poster art, limited flat colour palette, no realism, no photography, no gradients, no soft shading, no drop shadow. Plain warm CREAM background, no border, no frame, no vignette. The character is large and fills the whole vertical frame, seen from the front, centred. Vertical composition. No text, no letters, no numbers, no signature.	1
card/soccer	heart_jack	soccer heart jack	a football player in a red kit resting one foot on a football	Bold flat 2D illustration of a football player in a red kit resting one foot on a football. Cute stylised football player with a round head, simple calm face and a striped jersey. Palette: warm cream, grass green, royal blue, charcoal. Thick clean outlines, screen-print poster art, limited flat colour palette, no realism, no photography, no gradients, no soft shading, no drop shadow. Plain warm CREAM background, no border, no frame, no vignette. The character is large and fills the whole vertical frame, seen from the front, centred. Vertical composition. No text, no letters, no numbers, no signature.	1
card/soccer	heart_king	soccer heart king	a football player in a red kit wearing a tall pointed crown	Bold flat 2D illustration of a football player in a red kit wearing a tall pointed crown. Cute stylised football player with a round head, simple calm face and a striped jersey. Palette: warm cream, grass green, royal blue, charcoal. Thick clean outlines, screen-print poster art, limited flat colour palette, no realism, no photography, no gradients, no soft shading, no drop shadow. Plain warm CREAM background, no border, no frame, no vignette. The character is large and fills the whole vertical frame, seen from the front, centred. Vertical composition. No text, no letters, no numbers, no signature.	1
card/soccer	heart_queen	soccer heart queen	a football player in a red kit holding up a tall gleaming trophy cup with both hands	Bold flat 2D illustration of a football player in a red kit holding up a tall gleaming trophy cup with both hands. Cute stylised football player with a round head, simple calm face and a striped jersey. Palette: warm cream, grass green, royal blue, charcoal. Thick clean outlines, screen-print poster art, limited flat colour palette, no realism, no photography, no gradients, no soft shading, no drop shadow. Plain warm CREAM background, no border, no frame, no vignette. The character is large and fills the whole vertical frame, seen from the front, centred. Vertical composition. No text, no letters, no numbers, no signature.	1
card/soccer	spade_jack	soccer spade jack	a football player in a black kit resting one foot on a football	Bold flat 2D illustration of a football player in a black kit resting one foot on a football. Cute stylised football player with a round head, simple calm face and a striped jersey. Palette: warm cream, grass green, royal blue, charcoal. Thick clean outlines, screen-print poster art, limited flat colour palette, no realism, no photography, no gradients, no soft shading, no drop shadow. Plain warm CREAM background, no border, no frame, no vignette. The character is large and fills the whole vertical frame, seen from the front, centred. Vertical composition. No text, no letters, no numbers, no signature.	1
card/soccer	spade_king	soccer spade king	a football player in a black kit wearing a tall pointed crown	Bold flat 2D illustration of a football player in a black kit wearing a tall pointed crown. Cute stylised football player with a round head, simple calm face and a striped jersey. Palette: warm cream, grass green, royal blue, charcoal. Thick clean outlines, screen-print poster art, limited flat colour palette, no realism, no photography, no gradients, no soft shading, no drop shadow. Plain warm CREAM background, no border, no frame, no vignette. The character is large and fills the whole vertical frame, seen from the front, centred. Vertical composition. No text, no letters, no numbers, no signature.	1
card/soccer	spade_queen	soccer spade queen	a football player in a black kit holding up a tall gleaming trophy cup with both hands	Bold flat 2D illustration of a football player in a black kit holding up a tall gleaming trophy cup with both hands. Cute stylised football player with a round head, simple calm face and a striped jersey. Palette: warm cream, grass green, royal blue, charcoal. Thick clean outlines, screen-print poster art, limited flat colour palette, no realism, no photography, no gradients, no soft shading, no drop shadow. Plain warm CREAM background, no border, no frame, no vignette. The character is large and fills the whole vertical frame, seen from the front, centred. Vertical composition. No text, no letters, no numbers, no signature.	1
card/squirrels	club_jack	squirrels club jack	a grey-brown squirrel holding a slender sword upright with both hands	Bold flat 2D illustration of a grey-brown squirrel holding a slender sword upright with both hands. Cute round-faced squirrel character with a big curled tail and tufted ears. Palette: warm cream, rust orange, acorn brown, moss green. Thick clean outlines, screen-print poster art, limited flat colour palette, no realism, no photography, no gradients, no soft shading, no drop shadow. Plain warm CREAM background, no border, no frame, no vignette. The character is large and fills the whole vertical frame, seen from the front, centred. Vertical composition. No text, no letters, no numbers, no signature.	1
card/squirrels	club_king	squirrels club king	a grey-brown squirrel wearing a tall pointed crown	Bold flat 2D illustration of a grey-brown squirrel wearing a tall pointed crown. Cute round-faced squirrel character with a big curled tail and tufted ears. Palette: warm cream, rust orange, acorn brown, moss green. Thick clean outlines, screen-print poster art, limited flat colour palette, no realism, no photography, no gradients, no soft shading, no drop shadow. Plain warm CREAM background, no border, no frame, no vignette. The character is large and fills the whole vertical frame, seen from the front, centred. Vertical composition. No text, no letters, no numbers, no signature.	1
card/squirrels	club_queen	squirrels club queen	a grey-brown squirrel holding a tall goblet with both hands	Bold flat 2D illustration of a grey-brown squirrel holding a tall goblet with both hands. Cute round-faced squirrel character with a big curled tail and tufted ears. Palette: warm cream, rust orange, acorn brown, moss green. Thick clean outlines, screen-print poster art, limited flat colour palette, no realism, no photography, no gradients, no soft shading, no drop shadow. Plain warm CREAM background, no border, no frame, no vignette. The character is large and fills the whole vertical frame, seen from the front, centred. Vertical composition. No text, no letters, no numbers, no signature.	1
card/squirrels	diamond_jack	squirrels diamond jack	a pale golden squirrel holding a slender sword upright with both hands	Bold flat 2D illustration of a pale golden squirrel holding a slender sword upright with both hands. Cute round-faced squirrel character with a big curled tail and tufted ears. Palette: warm cream, rust orange, acorn brown, moss green. Thick clean outlines, screen-print poster art, limited flat colour palette, no realism, no photography, no gradients, no soft shading, no drop shadow. Plain warm CREAM background, no border, no frame, no vignette. The character is large and fills the whole vertical frame, seen from the front, centred. Vertical composition. No text, no letters, no numbers, no signature.	1
card/squirrels	diamond_king	squirrels diamond king	a pale golden squirrel wearing a tall pointed crown	Bold flat 2D illustration of a pale golden squirrel wearing a tall pointed crown. Cute round-faced squirrel character with a big curled tail and tufted ears. Palette: warm cream, rust orange, acorn brown, moss green. Thick clean outlines, screen-print poster art, limited flat colour palette, no realism, no photography, no gradients, no soft shading, no drop shadow. Plain warm CREAM background, no border, no frame, no vignette. The character is large and fills the whole vertical frame, seen from the front, centred. Vertical composition. No text, no letters, no numbers, no signature.	1
card/squirrels	diamond_queen	squirrels diamond queen	a pale golden squirrel holding a tall goblet with both hands	Bold flat 2D illustration of a pale golden squirrel holding a tall goblet with both hands. Cute round-faced squirrel character with a big curled tail and tufted ears. Palette: warm cream, rust orange, acorn brown, moss green. Thick clean outlines, screen-print poster art, limited flat colour palette, no realism, no photography, no gradients, no soft shading, no drop shadow. Plain warm CREAM background, no border, no frame, no vignette. The character is large and fills the whole vertical frame, seen from the front, centred. Vertical composition. No text, no letters, no numbers, no signature.	1
card/squirrels	heart_jack	squirrels heart jack	a rust-red squirrel holding a slender sword upright with both hands	Bold flat 2D illustration of a rust-red squirrel holding a slender sword upright with both hands. Cute round-faced squirrel character with a big curled tail and tufted ears. Palette: warm cream, rust orange, acorn brown, moss green. Thick clean outlines, screen-print poster art, limited flat colour palette, no realism, no photography, no gradients, no soft shading, no drop shadow. Plain warm CREAM background, no border, no frame, no vignette. The character is large and fills the whole vertical frame, seen from the front, centred. Vertical composition. No text, no letters, no numbers, no signature.	1
card/squirrels	heart_king	squirrels heart king	a rust-red squirrel wearing a tall pointed crown	Bold flat 2D illustration of a rust-red squirrel wearing a tall pointed crown. Cute round-faced squirrel character with a big curled tail and tufted ears. Palette: warm cream, rust orange, acorn brown, moss green. Thick clean outlines, screen-print poster art, limited flat colour palette, no realism, no photography, no gradients, no soft shading, no drop shadow. Plain warm CREAM background, no border, no frame, no vignette. The character is large and fills the whole vertical frame, seen from the front, centred. Vertical composition. No text, no letters, no numbers, no signature.	1
card/squirrels	heart_queen	squirrels heart queen	a rust-red squirrel holding a tall goblet with both hands	Bold flat 2D illustration of a rust-red squirrel holding a tall goblet with both hands. Cute round-faced squirrel character with a big curled tail and tufted ears. Palette: warm cream, rust orange, acorn brown, moss green. Thick clean outlines, screen-print poster art, limited flat colour palette, no realism, no photography, no gradients, no soft shading, no drop shadow. Plain warm CREAM background, no border, no frame, no vignette. The character is large and fills the whole vertical frame, seen from the front, centred. Vertical composition. No text, no letters, no numbers, no signature.	1
card/squirrels	spade_jack	squirrels spade jack	a charcoal-furred squirrel holding a slender sword upright with both hands	Bold flat 2D illustration of a charcoal-furred squirrel holding a slender sword upright with both hands. Cute round-faced squirrel character with a big curled tail and tufted ears. Palette: warm cream, rust orange, acorn brown, moss green. Thick clean outlines, screen-print poster art, limited flat colour palette, no realism, no photography, no gradients, no soft shading, no drop shadow. Plain warm CREAM background, no border, no frame, no vignette. The character is large and fills the whole vertical frame, seen from the front, centred. Vertical composition. No text, no letters, no numbers, no signature.	1
card/squirrels	spade_king	squirrels spade king	a charcoal-furred squirrel wearing a tall pointed crown	Bold flat 2D illustration of a charcoal-furred squirrel wearing a tall pointed crown. Cute round-faced squirrel character with a big curled tail and tufted ears. Palette: warm cream, rust orange, acorn brown, moss green. Thick clean outlines, screen-print poster art, limited flat colour palette, no realism, no photography, no gradients, no soft shading, no drop shadow. Plain warm CREAM background, no border, no frame, no vignette. The character is large and fills the whole vertical frame, seen from the front, centred. Vertical composition. No text, no letters, no numbers, no signature.	1
card/squirrels	spade_queen	squirrels spade queen	a charcoal-furred squirrel holding a tall goblet with both hands	Bold flat 2D illustration of a charcoal-furred squirrel holding a tall goblet with both hands. Cute round-faced squirrel character with a big curled tail and tufted ears. Palette: warm cream, rust orange, acorn brown, moss green. Thick clean outlines, screen-print poster art, limited flat colour palette, no realism, no photography, no gradients, no soft shading, no drop shadow. Plain warm CREAM background, no border, no frame, no vignette. The character is large and fills the whole vertical frame, seen from the front, centred. Vertical composition. No text, no letters, no numbers, no signature.	1
card/tin_kings	club_jack	tin_kings club jack	a verdigris copper tin robot holding a slender sword upright with both hands	Bold flat 2D illustration of a verdigris copper tin robot holding a slender sword upright with both hands. Retro tin robot character with a boxy head, round rivets and a single antenna. Palette: warm cream, steel blue, warm orange, charcoal. Thick clean outlines, screen-print poster art, limited flat colour palette, no realism, no photography, no gradients, no soft shading, no drop shadow. Plain warm CREAM background, no border, no frame, no vignette. The character is large and fills the whole vertical frame, seen from the front, centred. Vertical composition. No text, no letters, no numbers, no signature.	1
card/tin_kings	club_king	tin_kings club king	a verdigris copper tin robot wearing a tall pointed crown	Bold flat 2D illustration of a verdigris copper tin robot wearing a tall pointed crown. Retro tin robot character with a boxy head, round rivets and a single antenna. Palette: warm cream, steel blue, warm orange, charcoal. Thick clean outlines, screen-print poster art, limited flat colour palette, no realism, no photography, no gradients, no soft shading, no drop shadow. Plain warm CREAM background, no border, no frame, no vignette. The character is large and fills the whole vertical frame, seen from the front, centred. Vertical composition. No text, no letters, no numbers, no signature.	1
card/tin_kings	club_queen	tin_kings club queen	a verdigris copper tin robot holding a tall goblet with both hands	Bold flat 2D illustration of a verdigris copper tin robot holding a tall goblet with both hands. Retro tin robot character with a boxy head, round rivets and a single antenna. Palette: warm cream, steel blue, warm orange, charcoal. Thick clean outlines, screen-print poster art, limited flat colour palette, no realism, no photography, no gradients, no soft shading, no drop shadow. Plain warm CREAM background, no border, no frame, no vignette. The character is large and fills the whole vertical frame, seen from the front, centred. Vertical composition. No text, no letters, no numbers, no signature.	1
card/tin_kings	diamond_jack	tin_kings diamond jack	a polished chrome tin robot holding a slender sword upright with both hands	Bold flat 2D illustration of a polished chrome tin robot holding a slender sword upright with both hands. Retro tin robot character with a boxy head, round rivets and a single antenna. Palette: warm cream, steel blue, warm orange, charcoal. Thick clean outlines, screen-print poster art, limited flat colour palette, no realism, no photography, no gradients, no soft shading, no drop shadow. Plain warm CREAM background, no border, no frame, no vignette. The character is large and fills the whole vertical frame, seen from the front, centred. Vertical composition. No text, no letters, no numbers, no signature.	1
card/tin_kings	diamond_king	tin_kings diamond king	a polished chrome tin robot wearing a tall pointed crown	Bold flat 2D illustration of a polished chrome tin robot wearing a tall pointed crown. Retro tin robot character with a boxy head, round rivets and a single antenna. Palette: warm cream, steel blue, warm orange, charcoal. Thick clean outlines, screen-print poster art, limited flat colour palette, no realism, no photography, no gradients, no soft shading, no drop shadow. Plain warm CREAM background, no border, no frame, no vignette. The character is large and fills the whole vertical frame, seen from the front, centred. Vertical composition. No text, no letters, no numbers, no signature.	1
card/tin_kings	diamond_queen	tin_kings diamond queen	a polished chrome tin robot holding a tall goblet with both hands	Bold flat 2D illustration of a polished chrome tin robot holding a tall goblet with both hands. Retro tin robot character with a boxy head, round rivets and a single antenna. Palette: warm cream, steel blue, warm orange, charcoal. Thick clean outlines, screen-print poster art, limited flat colour palette, no realism, no photography, no gradients, no soft shading, no drop shadow. Plain warm CREAM background, no border, no frame, no vignette. The character is large and fills the whole vertical frame, seen from the front, centred. Vertical composition. No text, no letters, no numbers, no signature.	1
card/tin_kings	heart_jack	tin_kings heart jack	a red-painted tin robot holding a slender sword upright with both hands	Bold flat 2D illustration of a red-painted tin robot holding a slender sword upright with both hands. Retro tin robot character with a boxy head, round rivets and a single antenna. Palette: warm cream, steel blue, warm orange, charcoal. Thick clean outlines, screen-print poster art, limited flat colour palette, no realism, no photography, no gradients, no soft shading, no drop shadow. Plain warm CREAM background, no border, no frame, no vignette. The character is large and fills the whole vertical frame, seen from the front, centred. Vertical composition. No text, no letters, no numbers, no signature.	1
card/tin_kings	heart_king	tin_kings heart king	a red-painted tin robot wearing a tall pointed crown	Bold flat 2D illustration of a red-painted tin robot wearing a tall pointed crown. Retro tin robot character with a boxy head, round rivets and a single antenna. Palette: warm cream, steel blue, warm orange, charcoal. Thick clean outlines, screen-print poster art, limited flat colour palette, no realism, no photography, no gradients, no soft shading, no drop shadow. Plain warm CREAM background, no border, no frame, no vignette. The character is large and fills the whole vertical frame, seen from the front, centred. Vertical composition. No text, no letters, no numbers, no signature.	1
card/tin_kings	heart_queen	tin_kings heart queen	a red-painted tin robot holding a tall goblet with both hands	Bold flat 2D illustration of a red-painted tin robot holding a tall goblet with both hands. Retro tin robot character with a boxy head, round rivets and a single antenna. Palette: warm cream, steel blue, warm orange, charcoal. Thick clean outlines, screen-print poster art, limited flat colour palette, no realism, no photography, no gradients, no soft shading, no drop shadow. Plain warm CREAM background, no border, no frame, no vignette. The character is large and fills the whole vertical frame, seen from the front, centred. Vertical composition. No text, no letters, no numbers, no signature.	1
card/tin_kings	spade_jack	tin_kings spade jack	a gunmetal tin robot holding a slender sword upright with both hands	Bold flat 2D illustration of a gunmetal tin robot holding a slender sword upright with both hands. Retro tin robot character with a boxy head, round rivets and a single antenna. Palette: warm cream, steel blue, warm orange, charcoal. Thick clean outlines, screen-print poster art, limited flat colour palette, no realism, no photography, no gradients, no soft shading, no drop shadow. Plain warm CREAM background, no border, no frame, no vignette. The character is large and fills the whole vertical frame, seen from the front, centred. Vertical composition. No text, no letters, no numbers, no signature.	1
card/tin_kings	spade_king	tin_kings spade king	a gunmetal tin robot wearing a tall pointed crown	Bold flat 2D illustration of a gunmetal tin robot wearing a tall pointed crown. Retro tin robot character with a boxy head, round rivets and a single antenna. Palette: warm cream, steel blue, warm orange, charcoal. Thick clean outlines, screen-print poster art, limited flat colour palette, no realism, no photography, no gradients, no soft shading, no drop shadow. Plain warm CREAM background, no border, no frame, no vignette. The character is large and fills the whole vertical frame, seen from the front, centred. Vertical composition. No text, no letters, no numbers, no signature.	1
card/tin_kings	spade_queen	tin_kings spade queen	a gunmetal tin robot holding a tall goblet with both hands	Bold flat 2D illustration of a gunmetal tin robot holding a tall goblet with both hands. Retro tin robot character with a boxy head, round rivets and a single antenna. Palette: warm cream, steel blue, warm orange, charcoal. Thick clean outlines, screen-print poster art, limited flat colour palette, no realism, no photography, no gradients, no soft shading, no drop shadow. Plain warm CREAM background, no border, no frame, no vignette. The character is large and fills the whole vertical frame, seen from the front, centred. Vertical composition. No text, no letters, no numbers, no signature.	1
